model_tag,summary_level,anchor_template,condition,position,layers,real_mean,real_ci_lo,real_ci_hi,rand_mean,rand_ci_lo,rand_ci_hi,real_vs_rand,peak_layer,n_items
phi2,overall,ALL,SS+SP+PS+PP,distractor,1+,0.666657769860279,0.6525403024867897,0.6799490401571797,-0.0013864956483725576,-0.0019480043731389509,-0.0007997124586254362,0.6652712742119065,23,6400
phi2,overall,ALL,SS+SP+PS+PP,final,1+,3.2821010327387246,3.24811366244748,3.31765319373044,0.03163925249249704,0.02999682869095235,0.03337193630924148,3.2504617802462277,30,6400
phi2,overall,ALL,SS+SP+PS+PP,subject,1+,1.8790317943259596,1.8374123207066329,1.9255556603668318,-0.00604573822309894,-0.006355884194674512,-0.0057263384268528995,1.8729860561028606,19,6400
phi2,by_anchor,at work,PP,distractor,1+,0.15297522206460276,0.14397583320063928,0.16140664408860667,0.018073549732085196,0.015438076673015473,0.020871286795985308,0.13490167233251757,23,200
phi2,by_anchor,at work,PP,final,1+,2.086489505614004,2.0569542206333526,2.116432718732665,0.0624566973409345,0.05051560308471802,0.07378897009934149,2.0240328082730694,30,200
phi2,by_anchor,at work,PP,subject,1+,0.17964472955273045,0.17332339776715922,0.1859472423349657,-0.013682776112710276,-0.014808410033102959,-0.012487409011010201,0.16596195344002018,27,200
phi2,by_anchor,at work,PS,distractor,1+,0.3504456318578413,0.3267132135245108,0.3747372444252814,0.006288254799381379,0.004326346608900256,0.008323396159756568,0.3441573770584599,25,200
phi2,by_anchor,at work,PS,final,1+,2.128234703925348,2.094783893156436,2.161830449040859,0.06856122401452834,0.05798715103441669,0.07821180722021287,2.05967347991082,30,200
phi2,by_anchor,at work,PS,subject,1+,0.2532686190451345,0.2455948950898263,0.2611262388575462,-0.010395683626974784,-0.011908869466473978,-0.00898865431354892,0.24287293541815969,19,200
phi2,by_anchor,at work,SP,distractor,1+,0.6033124219217608,0.582621878420153,0.6263284273916674,-0.008915080870351484,-0.011587690757166955,-0.006024914210842502,0.5943973410514093,23,200
phi2,by_anchor,at work,SP,final,1+,3.010945187999356,2.932348009142183,3.0878849445158427,-0.029017508568302278,-0.037038960756794095,-0.020357819914817814,2.981927679431054,30,200
phi2,by_anchor,at work,SP,subject,1+,2.3552932048613027,2.2626740720964245,2.4615432851237635,0.001468642757784936,0.0003861331362878122,0.0026051876160406292,2.353824562103518,1,200
phi2,by_anchor,at work,SS,distractor,1+,1.6485403536212062,1.591012409529378,1.709149026424654,-0.010461220510544314,-0.01250804817484271,-0.00831290634409074,1.638079133110662,23,200
phi2,by_anchor,at work,SS,final,1+,4.32343610748168,4.2607958615056925,4.384758633617431,0.03257415802248063,0.023994298010103162,0.04176950655637249,4.290861949459199,30,200
phi2,by_anchor,at work,SS,subject,1+,3.252112558272577,3.156378644935546,3.354060268348263,-0.0027169898248487908,-0.003589066605414114,-0.0018095003751016435,3.2493955684477283,1,200
phi2,by_anchor,in charge,PP,distractor,1+,0.13720973430141328,0.13106534988264884,0.1433218769411887,0.0007895646556731192,-0.0018010948550316595,0.0032625794064614065,0.13642016964574016,25,200
phi2,by_anchor,in charge,PP,final,1+,1.9036453400119657,1.888739947682427,1.9189330774161124,-0.005601818023189421,-0.012526440182039814,0.0007552645283360588,1.8980435219887763,30,200
phi2,by_anchor,in charge,PP,subject,1+,0.18942070684125345,0.18495950070504222,0.193678504320883,-0.02711453345514113,-0.028848414436463386,-0.02541069374545928,0.1623061733861123,25,200
phi2,by_anchor,in charge,PS,distractor,1+,0.2699420629009124,0.25436185702969955,0.28629921055224633,0.0021764135360717776,0.00011999779747378434,0.004067427808238613,0.2677656493648406,25,200
phi2,by_anchor,in charge,PS,final,1+,2.275984223119674,2.246801056423495,2.3019259725463,0.03089552810115199,0.02519630782450399,0.035705619675497846,2.2450886950185223,30,200
phi2,by_anchor,in charge,PS,subject,1+,0.23997871398925782,0.23369767142111256,0.24630789144192972,-0.01635681890672253,-0.01749904020755522,-0.015341454209819918,0.2236218950825353,22,200
phi2,by_anchor,in charge,SP,distractor,1+,0.5328967883509975,0.5102120900000295,0.5564842487419804,-0.003353874145015593,-0.005711124700884665,-0.0009052768061237952,0.5295429142059819,22,200
phi2,by_anchor,in charge,SP,final,1+,2.9990756480155447,2.9347587903603434,3.0707308110114067,-0.024938708428413642,-0.03119853936472247,-0.01811564815813495,2.974136939587131,30,200
phi2,by_anchor,in charge,SP,subject,1+,3.053830544102576,2.9264822709791125,3.188266025424004,0.009546289136332849,0.007878049954291314,0.011111297219030319,3.044284254966243,1,200
phi2,by_anchor,in charge,SS,distractor,1+,1.380296107261412,1.333285102209737,1.4257970639697963,-0.007301827399961409,-0.00947189119746608,-0.005145249091809795,1.3729942798614505,22,200
phi2,by_anchor,in charge,SS,final,1+,4.816440493599061,4.744577699005604,4.8854308394501285,0.07374607501491424,0.06723389495957283,0.07995935891520592,4.742694418584147,30,200
phi2,by_anchor,in charge,SS,subject,1+,4.405651210046584,4.280638696628231,4.529971136962213,-0.00019082169378957438,-0.0014454422343161799,0.0009656024690597285,4.405460388352795,1,200
phi2,by_anchor,in question,PP,distractor,1+,0.09634013252873574,0.08966166824294675,0.10287630834502558,0.01531478927981469,0.01327783914535276,0.017455555069831107,0.08102534324892105,23,200
phi2,by_anchor,in question,PP,final,1+,1.6541125851292764,1.6428460617642249,1.6673299217839397,-0.03208924570391255,-0.036671689341145175,-0.027316750303391493,1.6220233394253638,30,200
phi2,by_anchor,in question,PP,subject,1+,0.16035920389236943,0.15700740908038235,0.1636244924337633,-0.013802853553525863,-0.014790157002787433,-0.01276303788538902,0.14655635033884357,19,200
phi2,by_anchor,in question,PS,distractor,1+,0.6404190126542122,0.6171438946108665,0.662810007579865,-0.007443720756038543,-0.009962845256251672,-0.005145421635720038,0.6329752918981737,1,200
phi2,by_anchor,in question,PS,final,1+,2.91381754290673,2.849807090886178,2.9714183241590373,0.07080340277764105,0.0625155285942939,0.078893991904874,2.843014140129089,30,200
phi2,by_anchor,in question,PS,subject,1+,0.35355898195697416,0.3427502866098958,0.3635852442749085,-0.012963613079440208,-0.014566124750721839,-0.011391808232953472,0.34059536887753394,19,200
phi2,by_anchor,in question,SP,distractor,1+,0.4134553158667779,0.38730557699357304,0.4420490472624379,-0.02386242804988738,-0.02779928005895307,-0.020040026926225234,0.38959288781689055,22,200
phi2,by_anchor,in question,SP,final,1+,3.624734642582555,3.511234979006552,3.749522331595421,-0.013697544990047333,-0.02360410996021763,-0.0036100039943572017,3.6110370975925075,30,200
phi2,by_anchor,in question,SP,subject,1+,2.9312488129831125,2.836688964862977,3.036405055819019,0.005925669208649667,0.00475598003402833,0.007062020263364238,2.9253231437744627,1,200
phi2,by_anchor,in question,SS,distractor,1+,1.3372581817257787,1.2926483087808855,1.381903264618689,-0.005990610891772854,-0.007375961765166253,-0.00449570668512775,1.3312675708340058,22,200
phi2,by_anchor,in question,SS,final,1+,5.893417675418238,5.818958275921883,5.964406428452461,0.10498618172061057,0.09915039029813581,0.11055181257570944,5.788431493697628,25,200
phi2,by_anchor,in question,SS,subject,1+,4.178787490014106,4.082145344003555,4.276190512895584,-0.0036425390551167148,-0.004526119512896384,-0.0027869009587072557,4.175144950958989,1,200
phi2,by_anchor,on call,PP,distractor,1+,0.17284160275613109,0.16565836005057058,0.17985382346953116,0.01734407686418103,0.014906731182529083,0.019767024443995567,0.15549752589195007,25,200
phi2,by_anchor,on call,PP,final,1+,2.1330684931816593,2.101454583204562,2.16325263741324,0.034089769547985455,0.02773453098535538,0.040905092322057295,2.0989787236336737,30,200
phi2,by_anchor,on call,PP,subject,1+,0.19793610657415084,0.19177416349610973,0.20409705666380543,-0.016204586490508047,-0.01724567674436877,-0.015205546625198858,0.1817315200836428,27,200
phi2,by_anchor,on call,PS,distractor,1+,0.4010904679759857,0.3808407685256774,0.4209444098587959,0.00577337372687555,0.003468657912746553,0.008045977334822377,0.39531709424911016,25,200
phi2,by_anchor,on call,PS,final,1+,2.497144646644592,2.4584054131661692,2.534849297669626,0.035939233226160855,0.02987969701713131,0.04226121045312574,2.461205413418431,30,200
phi2,by_anchor,on call,PS,subject,1+,0.2554169878652019,0.2496650390490409,0.2618634078233473,-0.013510925077622938,-0.014712486574726721,-0.012484832529098756,0.24190606278757895,19,200
phi2,by_anchor,on call,SP,distractor,1+,0.6190601461164413,0.5978259946146319,0.6419694201753986,-0.019294305309172602,-0.022359968004688147,-0.016289023899262952,0.5997658408072687,22,200
phi2,by_anchor,on call,SP,final,1+,3.482730175372093,3.403517489096811,3.5709537963021183,0.02970055364793347,0.022022581584991947,0.03740815844458919,3.4530296217241596,30,200
phi2,by_anchor,on call,SP,subject,1+,3.0140480462966424,2.9131348913062003,3.12335622674419,0.008231514038578157,0.006943229659911125,0.00954733846264501,3.005816532258064,1,200
phi2,by_anchor,on call,SS,distractor,1+,1.4636215271488313,1.4148685510158538,1.5204685637873987,-0.013540370156688075,-0.015522285774830849,-0.01148319507798841,1.4500811569921432,22,200
phi2,by_anchor,on call,SS,final,1+,5.409076188610446,5.332088886787814,5.486566887909365,0.10583438465672153,0.09852073223936941,0.11357441988683517,5.303241803953725,30,200
phi2,by_anchor,on call,SS,subject,1+,4.049564832102868,3.9519447756774957,4.1500106808543205,-0.0042026136767479684,-0.005119653646023043,-0.0033060472684521827,4.04536221842612,1,200
phi2,by_anchor,on duty,PP,distractor,1+,0.14666525856141122,0.14000178476302855,0.15357548226271905,0.014587259984785512,0.012197110024190718,0.01686869389011014,0.1320779985766257,23,200
phi2,by_anchor,on duty,PP,final,1+,1.8614547400320731,1.8358369647975894,1.8862554564533693,0.012880455217053815,0.007278836246459714,0.018706758270340584,1.8485742848150193,30,200
phi2,by_anchor,on duty,PP,subject,1+,0.17316097990159066,0.1680403581915363,0.17875569276079054,-0.01418862242852488,-0.015054936341701018,-0.013279282700630926,0.15897235747306576,27,200
phi2,by_anchor,on duty,PS,distractor,1+,0.4071299126840407,0.3871539594358013,0.42870525552765015,-0.0006374680611395066,-0.002886246096703313,0.0015156229234510857,0.4064924446229012,1,200
phi2,by_anchor,on duty,PS,final,1+,2.5869757164678266,2.5519597253184165,2.6247276309036436,0.05501548251798075,0.04804655468656171,0.06201744636028044,2.531960233949846,30,200
phi2,by_anchor,on duty,PS,subject,1+,0.28333500062265704,0.2757195580005646,0.2911969473938788,-0.009448374932812108,-0.010789067426035482,-0.008089308846381402,0.27388662568984495,19,200
phi2,by_anchor,on duty,SP,distractor,1+,0.5548150010262767,0.5340908562829417,0.5756375839614098,-0.020077219624673168,-0.022936385423906386,-0.01724204328367787,0.5347377814016036,22,200
phi2,by_anchor,on duty,SP,final,1+,3.905340164707553,3.7712931245949957,4.028463312104825,0.024177171568716727,0.015386297825844057,0.0332640700782499,3.8811629931388363,30,200
phi2,by_anchor,on duty,SP,subject,1+,3.2342775047979044,3.10082637192357,3.3626666556250666,0.0028966309178260065,0.0017755672527897742,0.003962500222267643,3.231380873880078,1,200
phi2,by_anchor,on duty,SS,distractor,1+,1.261072533207555,1.2073332378960426,1.3118127777038082,-0.008687485494921286,-0.010297621352057303,-0.007180210417316806,1.2523850477126337,22,200
phi2,by_anchor,on duty,SS,final,1+,5.390671700200727,5.308639775320407,5.479614441427493,0.08417631010855399,0.07827567129750407,0.09014591501989672,5.306495390092173,30,200
phi2,by_anchor,on duty,SS,subject,1+,4.093195181046763,3.9762392885281197,4.216467460557338,-0.005961732249106131,-0.006870455962996328,-0.005113152759690438,4.087233448797657,1,200
phi2,by_anchor,on site,PP,distractor,1+,0.18586858395607245,0.1792650975604211,0.19246892311496122,0.020720814735658708,0.01829758067284861,0.02322592216922391,0.16514776922041374,23,200
phi2,by_anchor,on site,PP,final,1+,1.9105374753859734,1.8878645481409566,1.9343563814393936,0.007604239602242746,0.002380456113046215,0.01378013858295256,1.9029332357837307,30,200
phi2,by_anchor,on site,PP,subject,1+,0.17098771372149066,0.16639465504307901,0.17592861603152365,-0.010924088262742564,-0.011838311922165655,-0.010058174771647298,0.16006362545874808,27,200
phi2,by_anchor,on site,PS,distractor,1+,0.5133774904281863,0.4883440482847153,0.5403565349386585,0.00737983303685342,0.004816669141092608,0.010007016689546646,0.5059976573913328,24,200
phi2,by_anchor,on site,PS,final,1+,2.4099529854712944,2.371654222824881,2.4520931457261885,0.037472451579186224,0.032114364458668616,0.04281776840648343,2.3724805338921082,30,200
phi2,by_anchor,on site,PS,subject,1+,0.24026755432928762,0.23327234705417388,0.24794182076377255,-0.011123344821314655,-0.012084530914983443,-0.01019971807925932,0.22914420950797296,19,200
phi2,by_anchor,on site,SP,distractor,1+,0.6590942573547364,0.6342761616629939,0.6851099237165144,-0.001262318241980768,-0.003800199462521461,0.0012998912911261276,0.6578319391127556,22,200
phi2,by_anchor,on site,SP,final,1+,3.2154429548786525,3.127876971273653,3.3142158532258,0.006731316658758348,-0.0006335366541339508,0.014956035956259698,3.2087116382198944,30,200
phi2,by_anchor,on site,SP,subject,1+,2.878309457225184,2.7704264934755143,2.987965120753935,0.005773378187610257,0.004745624969082494,0.006736591904394088,2.872536079037574,1,200
phi2,by_anchor,on site,SS,distractor,1+,1.6960759415165072,1.6441638485231709,1.7489037735539097,-0.009564030093531456,-0.011858053024738068,-0.007324711420843678,1.6865119114229759,22,200
phi2,by_anchor,on site,SS,final,1+,4.840685736594662,4.759729889046761,4.916055182149333,0.07794272953464139,0.07120275988117342,0.08450574282292396,4.7627430070600205,30,200
phi2,by_anchor,on site,SS,subject,1+,3.8060540603822277,3.705467484731828,3.8977795690086583,-0.002326340367717128,-0.0032956921958154253,-0.0013852678018231547,3.8037277200145105,1,200
phi2,by_anchor,under observation,PP,distractor,1+,0.1672063106106174,0.16079731424777735,0.17386361032916656,0.017831225856657952,0.015460101573697984,0.020279430581677343,0.14937508475395944,23,200
phi2,by_anchor,under observation,PP,final,1+,1.8299163038499893,1.810056082754366,1.8497357302481128,-0.016499328920918127,-0.0214773002843703,-0.01143330948006722,1.8134169749290712,30,200
phi2,by_anchor,under observation,PP,subject,1+,0.1763904368492865,0.17211664970459475,0.18010797319104596,-0.01484200862146193,-0.015853510141372682,-0.013906504446460355,0.1615484282278246,27,200
phi2,by_anchor,under observation,PS,distractor,1+,0.5059098031443934,0.48323997864031026,0.5291340122145991,-0.0032985430379067694,-0.005417192351433539,-0.0012769104319234057,0.5026112601064866,1,200
phi2,by_anchor,under observation,PS,final,1+,2.4313442431726764,2.3900405807149023,2.4789859706086497,0.015615864722959456,0.009260362006002856,0.02283450239319955,2.415728378449717,30,200
phi2,by_anchor,under observation,PS,subject,1+,0.3039506104684645,0.29527983501649674,0.31350514328864315,-0.013017102672207738,-0.014287634980294013,-0.01164826641544219,0.29093350779625676,19,200
phi2,by_anchor,under observation,SP,distractor,1+,0.6440715783642185,0.6217714772647426,0.6677196304298216,-0.019937548945027014,-0.023601825071919352,-0.01645330188735839,0.6241340294191915,22,200
phi2,by_anchor,under observation,SP,final,1+,3.6716330106796757,3.57321505522728,3.7761378073346235,-0.0056098522678498285,-0.015574088050473122,0.00448088848975397,3.666023158411826,30,200
phi2,by_anchor,under observation,SP,subject,1+,3.275739841461182,3.182877458418569,3.3767426763772965,0.012963273602147257,0.011729938918544399,0.014226267003243968,3.2627765678590346,1,200
phi2,by_anchor,under observation,SS,distractor,1+,1.5576095990211731,1.5093139543610234,1.607685790331133,-0.00579196814567812,-0.007645811409719529,-0.004101779080206348,1.551817630875495,22,200
phi2,by_anchor,under observation,SS,final,1+,5.633321767853152,5.566424152995309,5.699236340178598,0.07339689323979039,0.06858551322452484,0.07836765579254397,5.559924874613362,29,200
phi2,by_anchor,under observation,SS,subject,1+,4.279467579780086,4.186457122679679,4.374338534020609,-0.0031666336521025623,-0.004175213044689547,-0.0021547650233391794,4.276300946127983,1,200
phi2,by_anchor,under review,PP,distractor,1+,0.14190886251388057,0.13478611447349673,0.14860709852172482,0.021210072886559274,0.018641718806759,0.023997236328740276,0.1206987896273213,23,200
phi2,by_anchor,under review,PP,final,1+,1.7313520086196161,1.7128170236079923,1.7519958549122658,-0.049037122111166676,-0.05399692220072592,-0.04354892237724796,1.6823148865084494,30,200
phi2,by_anchor,under review,PP,subject,1+,0.18539858910345264,0.18128119222194916,0.18983036096249856,-0.015917293179419735,-0.016968687145940718,-0.014856229389867475,0.1694812959240329,24,200
phi2,by_anchor,under review,PS,distractor,1+,0.5670555746939875,0.540922578423254,0.5974886324944035,-0.003117001441217238,-0.005391854843785685,-0.001025012423915248,0.5639385732527702,1,200
phi2,by_anchor,under review,PS,final,1+,2.4908095479780625,2.4364081856243067,2.550179060509128,0.02799770693625173,0.020508922000085153,0.03604511417112042,2.4628118410418107,30,200
phi2,by_anchor,under review,PS,subject,1+,0.3365810804982339,0.3268717356074241,0.346125449288276,-0.015902390172404628,-0.01715129632334555,-0.01464628908326549,0.32067869032582924,19,200
phi2,by_anchor,under review,SP,distractor,1+,0.5658841533045615,0.5389978878305803,0.5919900491045368,-0.014462237204274824,-0.018272703805277422,-0.010512748314488318,0.5514219161002867,22,200
phi2,by_anchor,under review,SP,final,1+,3.676552563328897,3.5924246189248175,3.7695808550311667,-0.007728015991949266,-0.01657772502591533,0.0016090031285439764,3.6688245473369476,30,200
phi2,by_anchor,under review,SP,subject,1+,3.2017442955509305,3.1105919084856586,3.2920589444329655,0.011181340679045646,0.0100351827221532,0.012341798709284873,3.190562954871885,1,200
phi2,by_anchor,under review,SS,distractor,1+,1.5395990660882766,1.486166454961223,1.5901411812613087,-0.004857831462737053,-0.006449948803071052,-0.003172888444316003,1.5347412346255396,22,200
phi2,by_anchor,under review,SS,final,1+,6.288888968806114,6.217781456178235,6.360160266772393,0.12407739500845633,0.11833531558321368,0.1291404762498794,6.164811573797658,25,200
phi2,by_anchor,under review,SS,subject,1+,4.420036784295113,4.319426903805426,4.5186639857253725,0.00015232424582204522,-0.0007283868520490586,0.001024598229315973,4.419884460049291,1,200
