model_tag,aux_pair,distance_bucket,role,layer,real_mean,rand_mean,n
qwen25_3b,be_present,extra_long,between_subject_distractor,1,2.0109219527363185,0.05457089552238806,100
qwen25_3b,be_present,extra_long,between_subject_distractor,2,2.072333644278607,-0.06261660447761194,100
qwen25_3b,be_present,extra_long,between_subject_distractor,3,1.6826414800995024,0.029500932835820896,100
qwen25_3b,be_present,extra_long,between_subject_distractor,4,2.466456778606965,-0.016946517412935323,100
qwen25_3b,be_present,extra_long,between_subject_distractor,5,2.500272077114428,-0.05460976368159204,100
qwen25_3b,be_present,extra_long,between_subject_distractor,6,2.599269278606965,-0.028762437810945275,100
qwen25_3b,be_present,extra_long,between_subject_distractor,7,2.19892723880597,-0.030783582089552237,100
qwen25_3b,be_present,extra_long,between_subject_distractor,8,2.121307524875622,-3.88681592039801e-05,100
qwen25_3b,be_present,extra_long,between_subject_distractor,9,2.058379975124378,-0.003187189054726368,100
qwen25_3b,be_present,extra_long,between_subject_distractor,10,1.970693407960199,0.03917910447761194,100
qwen25_3b,be_present,extra_long,between_subject_distractor,11,1.9115749378109452,-0.03575870646766169,100
qwen25_3b,be_present,extra_long,between_subject_distractor,12,1.9388992537313432,-0.02355410447761194,100
qwen25_3b,be_present,extra_long,between_subject_distractor,13,2.013798196517413,-0.01900652985074627,100
qwen25_3b,be_present,extra_long,between_subject_distractor,14,1.9869014303482586,0.06708644278606965,100
qwen25_3b,be_present,extra_long,between_subject_distractor,15,1.6071206467661692,-0.010144589552238806,100
qwen25_3b,be_present,extra_long,between_subject_distractor,16,1.2780628109452736,-0.01134950248756219,100
qwen25_3b,be_present,extra_long,between_subject_distractor,17,1.2021532960199004,-0.0013992537313432835,100
qwen25_3b,be_present,extra_long,between_subject_distractor,18,1.1164490049751243,0.022815609452736318,100
qwen25_3b,be_present,extra_long,between_subject_distractor,19,1.0532105099502487,0.0236318407960199,100
qwen25_3b,be_present,extra_long,between_subject_distractor,20,1.029189987562189,0.04761349502487562,100
qwen25_3b,be_present,extra_long,between_subject_distractor,21,1.0317164179104477,-0.0068796641791044775,100
qwen25_3b,be_present,extra_long,between_subject_distractor,22,1.0494791666666667,-0.028023942786069653,100
qwen25_3b,be_present,extra_long,between_subject_distractor,23,1.1031172263681592,0.052666355721393034,100
qwen25_3b,be_present,extra_long,between_subject_distractor,24,1.0672807835820894,0.03688588308457712,100
qwen25_3b,be_present,extra_long,between_subject_distractor,25,1.1397310323383085,-0.013526119402985074,100
qwen25_3b,be_present,extra_long,between_subject_distractor,26,0.6717195273631841,-0.018345771144278607,100
qwen25_3b,be_present,extra_long,between_subject_distractor,27,0.6379430970149254,-0.022582400497512436,100
qwen25_3b,be_present,extra_long,between_subject_distractor,28,0.5438044154228856,-0.033271144278606966,100
qwen25_3b,be_present,extra_long,between_subject_distractor,29,0.18676150497512436,0.021377487562189056,100
qwen25_3b,be_present,extra_long,between_subject_distractor,30,0.042405161691542285,0.0005052860696517413,100
qwen25_3b,be_present,extra_long,between_subject_distractor,31,0.021610696517412934,0.003031716417910448,100
qwen25_3b,be_present,extra_long,between_subject_distractor,32,-0.02308768656716418,0.0001166044776119403,100
qwen25_3b,be_present,extra_long,between_subject_distractor,33,-0.01966728855721393,-0.0009717039800995025,100
qwen25_3b,be_present,extra_long,between_subject_distractor,34,-0.021338619402985076,0.0054026741293532335,100
qwen25_3b,be_present,extra_long,between_subject_distractor,35,0.0,0.0,100
qwen25_3b,be_present,extra_long,distractor,1,0.3659375,0.071328125,100
qwen25_3b,be_present,extra_long,distractor,2,0.42640625,0.003828125,100
qwen25_3b,be_present,extra_long,distractor,3,0.192109375,0.001171875,100
qwen25_3b,be_present,extra_long,distractor,4,0.04421875,-0.11640625,100
qwen25_3b,be_present,extra_long,distractor,5,-0.140703125,0.133359375,100
qwen25_3b,be_present,extra_long,distractor,6,-0.26453125,0.0425,100
qwen25_3b,be_present,extra_long,distractor,7,-0.040078125,-0.024296875,100
qwen25_3b,be_present,extra_long,distractor,8,0.258203125,0.0265625,100
qwen25_3b,be_present,extra_long,distractor,9,0.097578125,0.01328125,100
qwen25_3b,be_present,extra_long,distractor,10,0.152265625,0.0625,100
qwen25_3b,be_present,extra_long,distractor,11,0.124609375,-0.00125,100
qwen25_3b,be_present,extra_long,distractor,12,0.2409375,0.02046875,100
qwen25_3b,be_present,extra_long,distractor,13,-0.012734375,-0.014296875,100
qwen25_3b,be_present,extra_long,distractor,14,0.13515625,0.1271875,100
qwen25_3b,be_present,extra_long,distractor,15,-0.030390625,0.015859375,100
qwen25_3b,be_present,extra_long,distractor,16,0.0603125,0.01515625,100
qwen25_3b,be_present,extra_long,distractor,17,0.0615625,-0.015,100
qwen25_3b,be_present,extra_long,distractor,18,0.09859375,-0.0259375,100
qwen25_3b,be_present,extra_long,distractor,19,0.073984375,-0.013671875,100
qwen25_3b,be_present,extra_long,distractor,20,0.042578125,0.060859375,100
qwen25_3b,be_present,extra_long,distractor,21,0.08328125,0.010234375,100
qwen25_3b,be_present,extra_long,distractor,22,0.101640625,-0.042265625,100
qwen25_3b,be_present,extra_long,distractor,23,0.1203125,0.033515625,100
qwen25_3b,be_present,extra_long,distractor,24,-0.064140625,0.0478125,100
qwen25_3b,be_present,extra_long,distractor,25,0.234921875,-0.020078125,100
qwen25_3b,be_present,extra_long,distractor,26,0.1721875,0.00734375,100
qwen25_3b,be_present,extra_long,distractor,27,0.122109375,0.013046875,100
qwen25_3b,be_present,extra_long,distractor,28,0.2103125,-0.02734375,100
qwen25_3b,be_present,extra_long,distractor,29,0.244765625,0.0375,100
qwen25_3b,be_present,extra_long,distractor,30,0.1034375,-0.011484375,100
qwen25_3b,be_present,extra_long,distractor,31,0.104375,-0.002109375,100
qwen25_3b,be_present,extra_long,distractor,32,0.023359375,-0.00375,100
qwen25_3b,be_present,extra_long,distractor,33,0.0228125,0.0040625,100
qwen25_3b,be_present,extra_long,distractor,34,0.01796875,-0.000625,100
qwen25_3b,be_present,extra_long,distractor,35,0.0,0.0,100
qwen25_3b,be_present,extra_long,filler_after_distractor,1,0.1347265625,0.018133680555555556,100
qwen25_3b,be_present,extra_long,filler_after_distractor,2,0.09447916666666667,-0.0012760416666666666,100
qwen25_3b,be_present,extra_long,filler_after_distractor,3,0.10917100694444444,0.014123263888888888,100
qwen25_3b,be_present,extra_long,filler_after_distractor,4,0.057530381944444445,-0.028932291666666665,100
qwen25_3b,be_present,extra_long,filler_after_distractor,5,0.02730902777777778,0.01921440972222222,100
qwen25_3b,be_present,extra_long,filler_after_distractor,6,0.16782118055555556,-0.008736979166666667,100
qwen25_3b,be_present,extra_long,filler_after_distractor,7,0.17203993055555555,-0.04502604166666667,100
qwen25_3b,be_present,extra_long,filler_after_distractor,8,0.19338107638888888,0.004292534722222222,100
qwen25_3b,be_present,extra_long,filler_after_distractor,9,0.15355902777777777,-0.017786458333333335,100
qwen25_3b,be_present,extra_long,filler_after_distractor,10,0.18762586805555556,0.017638888888888888,100
qwen25_3b,be_present,extra_long,filler_after_distractor,11,0.1904904513888889,0.010564236111111111,100
qwen25_3b,be_present,extra_long,filler_after_distractor,12,0.20200954861111112,0.015108506944444445,100
qwen25_3b,be_present,extra_long,filler_after_distractor,13,0.1607638888888889,0.0018315972222222223,100
qwen25_3b,be_present,extra_long,filler_after_distractor,14,0.29214409722222223,0.0403125,100
qwen25_3b,be_present,extra_long,filler_after_distractor,15,0.300859375,0.03459201388888889,100
qwen25_3b,be_present,extra_long,filler_after_distractor,16,0.3284939236111111,0.02118923611111111,100
qwen25_3b,be_present,extra_long,filler_after_distractor,17,0.339921875,0.017638888888888888,100
qwen25_3b,be_present,extra_long,filler_after_distractor,18,0.33154947916666666,-0.009149305555555556,100
qwen25_3b,be_present,extra_long,filler_after_distractor,19,0.3326909722222222,0.03327690972222222,100
qwen25_3b,be_present,extra_long,filler_after_distractor,20,0.31741319444444444,0.050594618055555554,100
qwen25_3b,be_present,extra_long,filler_after_distractor,21,0.3119618055555556,0.003120659722222222,100
qwen25_3b,be_present,extra_long,filler_after_distractor,22,0.36212239583333333,0.015147569444444444,100
qwen25_3b,be_present,extra_long,filler_after_distractor,23,0.38406684027777777,-0.003689236111111111,100
qwen25_3b,be_present,extra_long,filler_after_distractor,24,0.38000868055555553,0.03852864583333333,100
qwen25_3b,be_present,extra_long,filler_after_distractor,25,0.44624131944444445,0.013407118055555556,100
qwen25_3b,be_present,extra_long,filler_after_distractor,26,0.37862413194444444,0.022782118055555557,100
qwen25_3b,be_present,extra_long,filler_after_distractor,27,0.32774739583333334,-0.020737847222222223,100
qwen25_3b,be_present,extra_long,filler_after_distractor,28,0.29737847222222225,-0.026675347222222222,100
qwen25_3b,be_present,extra_long,filler_after_distractor,29,0.5793836805555556,0.05392361111111111,100
qwen25_3b,be_present,extra_long,filler_after_distractor,30,0.20745225694444444,0.005846354166666666,100
qwen25_3b,be_present,extra_long,filler_after_distractor,31,0.11009548611111111,0.011245659722222223,100
qwen25_3b,be_present,extra_long,filler_after_distractor,32,0.084609375,0.007013888888888889,100
qwen25_3b,be_present,extra_long,filler_after_distractor,33,0.07979600694444444,0.0030989583333333333,100
qwen25_3b,be_present,extra_long,filler_after_distractor,34,0.07371527777777778,-0.003841145833333333,100
qwen25_3b,be_present,extra_long,filler_after_distractor,35,0.0,0.0,100
qwen25_3b,be_present,extra_long,final,1,0.16609375,-0.06171875,100
qwen25_3b,be_present,extra_long,final,2,-0.217421875,-0.08640625,100
qwen25_3b,be_present,extra_long,final,3,-0.1590625,-0.08515625,100
qwen25_3b,be_present,extra_long,final,4,-0.34234375,-0.126953125,100
qwen25_3b,be_present,extra_long,final,5,-0.376328125,0.11390625,100
qwen25_3b,be_present,extra_long,final,6,-0.255390625,-0.011015625,100
qwen25_3b,be_present,extra_long,final,7,-0.1234375,-0.07671875,100
qwen25_3b,be_present,extra_long,final,8,0.108828125,-0.02015625,100
qwen25_3b,be_present,extra_long,final,9,0.12046875,-0.23859375,100
qwen25_3b,be_present,extra_long,final,10,0.10078125,-0.019765625,100
qwen25_3b,be_present,extra_long,final,11,0.14890625,-0.149140625,100
qwen25_3b,be_present,extra_long,final,12,0.030703125,0.050234375,100
qwen25_3b,be_present,extra_long,final,13,0.03359375,-0.05515625,100
qwen25_3b,be_present,extra_long,final,14,0.301171875,0.03390625,100
qwen25_3b,be_present,extra_long,final,15,0.30078125,0.2640625,100
qwen25_3b,be_present,extra_long,final,16,0.264296875,0.31578125,100
qwen25_3b,be_present,extra_long,final,17,0.257734375,-0.0190625,100
qwen25_3b,be_present,extra_long,final,18,0.3340625,-0.014140625,100
qwen25_3b,be_present,extra_long,final,19,0.454140625,0.137109375,100
qwen25_3b,be_present,extra_long,final,20,0.305703125,0.51078125,100
qwen25_3b,be_present,extra_long,final,21,0.342578125,-0.098515625,100
qwen25_3b,be_present,extra_long,final,22,0.546875,0.1971875,100
qwen25_3b,be_present,extra_long,final,23,0.819921875,0.1059375,100
qwen25_3b,be_present,extra_long,final,24,0.82828125,0.28171875,100
qwen25_3b,be_present,extra_long,final,25,1.011796875,0.162421875,100
qwen25_3b,be_present,extra_long,final,26,1.723203125,0.100625,100
qwen25_3b,be_present,extra_long,final,27,1.786171875,0.085546875,100
qwen25_3b,be_present,extra_long,final,28,2.300546875,0.1871875,100
qwen25_3b,be_present,extra_long,final,29,5.320859375,0.526328125,100
qwen25_3b,be_present,extra_long,final,30,6.2265625,0.020625,100
qwen25_3b,be_present,extra_long,final,31,6.701171875,0.64578125,100
qwen25_3b,be_present,extra_long,final,32,7.5259375,0.378046875,100
qwen25_3b,be_present,extra_long,final,33,8.117109375,-1.061015625,100
qwen25_3b,be_present,extra_long,final,34,8.963125,-0.140390625,100
qwen25_3b,be_present,extra_long,final,35,4.0796875,0.040703125,100
qwen25_3b,be_present,extra_long,prefix_before_subject,1,-0.0528125,0.01421875,100
qwen25_3b,be_present,extra_long,prefix_before_subject,2,-0.02953125,-0.00296875,100
qwen25_3b,be_present,extra_long,prefix_before_subject,3,-0.025859375,-0.01140625,100
qwen25_3b,be_present,extra_long,prefix_before_subject,4,-0.025390625,-0.0209375,100
qwen25_3b,be_present,extra_long,prefix_before_subject,5,-0.0221875,-0.012578125,100
qwen25_3b,be_present,extra_long,prefix_before_subject,6,-0.01078125,-0.002890625,100
qwen25_3b,be_present,extra_long,prefix_before_subject,7,-0.02671875,0.00375,100
qwen25_3b,be_present,extra_long,prefix_before_subject,8,-0.014765625,-0.0028125,100
qwen25_3b,be_present,extra_long,prefix_before_subject,9,-0.00234375,-0.00859375,100
qwen25_3b,be_present,extra_long,prefix_before_subject,10,-0.01171875,-0.01875,100
qwen25_3b,be_present,extra_long,prefix_before_subject,11,-0.013828125,0.02125,100
qwen25_3b,be_present,extra_long,prefix_before_subject,12,-0.0125,0.011796875,100
qwen25_3b,be_present,extra_long,prefix_before_subject,13,-0.0115625,-0.005,100
qwen25_3b,be_present,extra_long,prefix_before_subject,14,-0.011015625,0.002421875,100
qwen25_3b,be_present,extra_long,prefix_before_subject,15,-0.02453125,0.038125,100
qwen25_3b,be_present,extra_long,prefix_before_subject,16,-0.021328125,0.005859375,100
qwen25_3b,be_present,extra_long,prefix_before_subject,17,-0.024609375,0.01890625,100
qwen25_3b,be_present,extra_long,prefix_before_subject,18,-0.02734375,-0.0309375,100
qwen25_3b,be_present,extra_long,prefix_before_subject,19,-0.031484375,-0.006171875,100
qwen25_3b,be_present,extra_long,prefix_before_subject,20,-0.038671875,-0.00515625,100
qwen25_3b,be_present,extra_long,prefix_before_subject,21,-0.035859375,0.00671875,100
qwen25_3b,be_present,extra_long,prefix_before_subject,22,-0.030546875,-0.006484375,100
qwen25_3b,be_present,extra_long,prefix_before_subject,23,-0.020703125,-0.01765625,100
qwen25_3b,be_present,extra_long,prefix_before_subject,24,-0.0246875,-0.009609375,100
qwen25_3b,be_present,extra_long,prefix_before_subject,25,-0.04953125,-0.00109375,100
qwen25_3b,be_present,extra_long,prefix_before_subject,26,-0.067890625,0.000546875,100
qwen25_3b,be_present,extra_long,prefix_before_subject,27,-0.085859375,-0.033359375,100
qwen25_3b,be_present,extra_long,prefix_before_subject,28,-0.095703125,-0.05046875,100
qwen25_3b,be_present,extra_long,prefix_before_subject,29,-0.16953125,0.02046875,100
qwen25_3b,be_present,extra_long,prefix_before_subject,30,-0.162421875,-0.00734375,100
qwen25_3b,be_present,extra_long,prefix_before_subject,31,-0.182421875,0.02265625,100
qwen25_3b,be_present,extra_long,prefix_before_subject,32,-0.241484375,-0.0021875,100
qwen25_3b,be_present,extra_long,prefix_before_subject,33,-0.20921875,-0.00390625,100
qwen25_3b,be_present,extra_long,prefix_before_subject,34,-0.18296875,0.047890625,100
qwen25_3b,be_present,extra_long,prefix_before_subject,35,0.0,0.0,100
qwen25_3b,be_present,extra_long,subject,1,6.003515625,0.052109375,100
qwen25_3b,be_present,extra_long,subject,2,5.259296875,-0.05203125,100
qwen25_3b,be_present,extra_long,subject,3,5.268671875,0.036484375,100
qwen25_3b,be_present,extra_long,subject,4,5.017578125,-0.079921875,100
qwen25_3b,be_present,extra_long,subject,5,4.931953125,-0.022734375,100
qwen25_3b,be_present,extra_long,subject,6,4.864140625,0.007421875,100
qwen25_3b,be_present,extra_long,subject,7,4.141015625,-0.01703125,100
qwen25_3b,be_present,extra_long,subject,8,4.157421875,-0.02375,100
qwen25_3b,be_present,extra_long,subject,9,4.141953125,0.0309375,100
qwen25_3b,be_present,extra_long,subject,10,4.07984375,-0.031640625,100
qwen25_3b,be_present,extra_long,subject,11,4.02984375,-0.023203125,100
qwen25_3b,be_present,extra_long,subject,12,3.9884375,0.0040625,100
qwen25_3b,be_present,extra_long,subject,13,3.848671875,-0.026171875,100
qwen25_3b,be_present,extra_long,subject,14,3.797890625,0.04796875,100
qwen25_3b,be_present,extra_long,subject,15,3.576328125,-0.030703125,100
qwen25_3b,be_present,extra_long,subject,16,3.229296875,-0.05015625,100
qwen25_3b,be_present,extra_long,subject,17,3.221953125,-0.013046875,100
qwen25_3b,be_present,extra_long,subject,18,3.203125,0.007578125,100
qwen25_3b,be_present,extra_long,subject,19,3.157890625,-0.012578125,100
qwen25_3b,be_present,extra_long,subject,20,3.13203125,-0.001953125,100
qwen25_3b,be_present,extra_long,subject,21,3.155546875,-0.004140625,100
qwen25_3b,be_present,extra_long,subject,22,3.19078125,0.003359375,100
qwen25_3b,be_present,extra_long,subject,23,3.216953125,-0.034765625,100
qwen25_3b,be_present,extra_long,subject,24,3.20015625,-0.018671875,100
qwen25_3b,be_present,extra_long,subject,25,3.156953125,-0.0528125,100
qwen25_3b,be_present,extra_long,subject,26,2.818515625,-0.010234375,100
qwen25_3b,be_present,extra_long,subject,27,2.755703125,-0.0778125,100
qwen25_3b,be_present,extra_long,subject,28,2.69140625,-0.079453125,100
qwen25_3b,be_present,extra_long,subject,29,2.0640625,0.178046875,100
qwen25_3b,be_present,extra_long,subject,30,0.09453125,0.002421875,100
qwen25_3b,be_present,extra_long,subject,31,0.071640625,0.004375,100
qwen25_3b,be_present,extra_long,subject,32,0.05828125,0.006953125,100
qwen25_3b,be_present,extra_long,subject,33,0.054765625,0.011328125,100
qwen25_3b,be_present,extra_long,subject,34,0.053046875,-0.004140625,100
qwen25_3b,be_present,extra_long,subject,35,0.0,0.0,100
qwen25_3b,be_present,long,between_subject_distractor,1,2.262161330049261,0.07200584975369458,100
qwen25_3b,be_present,long,between_subject_distractor,2,2.3166948891625614,-0.05310960591133005,100
qwen25_3b,be_present,long,between_subject_distractor,3,1.8826970443349753,0.015278633004926108,100
qwen25_3b,be_present,long,between_subject_distractor,4,2.7820581896551726,-0.025438731527093597,100
qwen25_3b,be_present,long,between_subject_distractor,5,2.8499461206896552,-0.07250615763546799,100
qwen25_3b,be_present,long,between_subject_distractor,6,2.9705203201970445,-0.07208282019704433,100
qwen25_3b,be_present,long,between_subject_distractor,7,2.4839901477832513,-0.039716748768472906,100
qwen25_3b,be_present,long,between_subject_distractor,8,2.4332281403940885,0.02917179802955665,100
qwen25_3b,be_present,long,between_subject_distractor,9,2.3914331896551726,0.009967672413793104,100
qwen25_3b,be_present,long,between_subject_distractor,10,2.3151169950738915,0.018318965517241378,100
qwen25_3b,be_present,long,between_subject_distractor,11,2.2808266625615765,-0.04179495073891626,100
qwen25_3b,be_present,long,between_subject_distractor,12,2.3048414408866993,-0.03948583743842365,100
qwen25_3b,be_present,long,between_subject_distractor,13,2.3739224137931036,-0.029364224137931036,100
qwen25_3b,be_present,long,between_subject_distractor,14,2.3820043103448274,0.1087207512315271,100
qwen25_3b,be_present,long,between_subject_distractor,15,1.9032481527093597,-0.02259082512315271,100
qwen25_3b,be_present,long,between_subject_distractor,16,1.4657481527093597,-0.016317733990147784,100
qwen25_3b,be_present,long,between_subject_distractor,17,1.3889701354679802,0.0053109605911330045,100
qwen25_3b,be_present,long,between_subject_distractor,18,1.2927570812807883,0.010467980295566502,100
qwen25_3b,be_present,long,between_subject_distractor,19,1.2229064039408868,0.03579125615763547,100
qwen25_3b,be_present,long,between_subject_distractor,20,1.1988146551724137,0.06223060344827586,100
qwen25_3b,be_present,long,between_subject_distractor,21,1.1877693965517242,0.004040948275862069,100
qwen25_3b,be_present,long,between_subject_distractor,22,1.2132466133004927,-0.03125,100
qwen25_3b,be_present,long,between_subject_distractor,23,1.2679341133004927,0.060845135467980295,100
qwen25_3b,be_present,long,between_subject_distractor,24,1.2194042487684729,0.04102524630541872,100
qwen25_3b,be_present,long,between_subject_distractor,25,1.2763623768472907,-0.008235837438423646,100
qwen25_3b,be_present,long,between_subject_distractor,26,0.6776092980295566,-0.017741687192118227,100
qwen25_3b,be_present,long,between_subject_distractor,27,0.6429341133004927,-0.020743534482758622,100
qwen25_3b,be_present,long,between_subject_distractor,28,0.5591133004926109,-0.02844057881773399,100
qwen25_3b,be_present,long,between_subject_distractor,29,0.31538639162561577,0.02940270935960591,100
qwen25_3b,be_present,long,between_subject_distractor,30,0.07723983990147783,0.003078817733990148,100
qwen25_3b,be_present,long,between_subject_distractor,31,0.039716748768472906,0.0013854679802955665,100
qwen25_3b,be_present,long,between_subject_distractor,32,-0.028132697044334975,-0.0026939655172413795,100
qwen25_3b,be_present,long,between_subject_distractor,33,-0.031211514778325122,0.0013084975369458127,100
qwen25_3b,be_present,long,between_subject_distractor,34,-0.03421336206896552,0.006696428571428571,100
qwen25_3b,be_present,long,between_subject_distractor,35,0.0,0.0,100
qwen25_3b,be_present,long,distractor,1,0.4021875,0.078828125,100
qwen25_3b,be_present,long,distractor,2,0.447734375,-0.00078125,100
qwen25_3b,be_present,long,distractor,3,0.17859375,-0.01140625,100
qwen25_3b,be_present,long,distractor,4,0.029453125,-0.124765625,100
qwen25_3b,be_present,long,distractor,5,-0.126015625,0.1096875,100
qwen25_3b,be_present,long,distractor,6,-0.53078125,0.055390625,100
qwen25_3b,be_present,long,distractor,7,-0.021171875,0.013671875,100
qwen25_3b,be_present,long,distractor,8,0.31,0.046640625,100
qwen25_3b,be_present,long,distractor,9,0.085,0.01890625,100
qwen25_3b,be_present,long,distractor,10,0.144296875,0.028203125,100
qwen25_3b,be_present,long,distractor,11,0.106875,-0.0090625,100
qwen25_3b,be_present,long,distractor,12,0.24140625,0.025859375,100
qwen25_3b,be_present,long,distractor,13,-0.041875,-0.02984375,100
qwen25_3b,be_present,long,distractor,14,0.129453125,0.196953125,100
qwen25_3b,be_present,long,distractor,15,-0.11078125,-0.02625,100
qwen25_3b,be_present,long,distractor,16,0.05703125,0.028203125,100
qwen25_3b,be_present,long,distractor,17,0.049609375,-0.00484375,100
qwen25_3b,be_present,long,distractor,18,0.1246875,-0.015625,100
qwen25_3b,be_present,long,distractor,19,0.091953125,-0.0096875,100
qwen25_3b,be_present,long,distractor,20,0.059375,0.0621875,100
qwen25_3b,be_present,long,distractor,21,0.115859375,-0.0015625,100
qwen25_3b,be_present,long,distractor,22,0.149921875,-0.10734375,100
qwen25_3b,be_present,long,distractor,23,0.1815625,0.07296875,100
qwen25_3b,be_present,long,distractor,24,0.013984375,0.039609375,100
qwen25_3b,be_present,long,distractor,25,0.26515625,0.009453125,100
qwen25_3b,be_present,long,distractor,26,0.2459375,0.02328125,100
qwen25_3b,be_present,long,distractor,27,0.193984375,-0.00609375,100
qwen25_3b,be_present,long,distractor,28,0.22484375,-0.052265625,100
qwen25_3b,be_present,long,distractor,29,0.704375,0.11484375,100
qwen25_3b,be_present,long,distractor,30,0.1215625,0.00171875,100
qwen25_3b,be_present,long,distractor,31,0.087109375,-0.001328125,100
qwen25_3b,be_present,long,distractor,32,0.01203125,-0.004609375,100
qwen25_3b,be_present,long,distractor,33,0.008671875,0.00390625,100
qwen25_3b,be_present,long,distractor,34,0.003515625,0.002421875,100
qwen25_3b,be_present,long,distractor,35,0.0,0.0,100
qwen25_3b,be_present,long,filler_after_distractor,1,0.20910590277777777,0.030998263888888888,100
qwen25_3b,be_present,long,filler_after_distractor,2,0.15916666666666668,-0.008116319444444445,100
qwen25_3b,be_present,long,filler_after_distractor,3,0.18145833333333333,0.04271701388888889,100
qwen25_3b,be_present,long,filler_after_distractor,4,0.08191840277777777,-0.03485243055555556,100
qwen25_3b,be_present,long,filler_after_distractor,5,0.06041666666666667,-0.03913194444444444,100
qwen25_3b,be_present,long,filler_after_distractor,6,0.3030729166666667,0.02224826388888889,100
qwen25_3b,be_present,long,filler_after_distractor,7,0.33270833333333333,-0.04634548611111111,100
qwen25_3b,be_present,long,filler_after_distractor,8,0.39428819444444446,-0.0013541666666666667,100
qwen25_3b,be_present,long,filler_after_distractor,9,0.31460069444444444,0.00125,100
qwen25_3b,be_present,long,filler_after_distractor,10,0.3874913194444444,0.028489583333333332,100
qwen25_3b,be_present,long,filler_after_distractor,11,0.3966059027777778,0.02376736111111111,100
qwen25_3b,be_present,long,filler_after_distractor,12,0.40784722222222225,0.0069791666666666665,100
qwen25_3b,be_present,long,filler_after_distractor,13,0.3450434027777778,0.01564236111111111,100
qwen25_3b,be_present,long,filler_after_distractor,14,0.6069704861111112,0.07154513888888889,100
qwen25_3b,be_present,long,filler_after_distractor,15,0.6357552083333333,0.03560763888888889,100
qwen25_3b,be_present,long,filler_after_distractor,16,0.6675260416666666,0.045390625,100
qwen25_3b,be_present,long,filler_after_distractor,17,0.6840364583333334,-0.0071961805555555555,100
qwen25_3b,be_present,long,filler_after_distractor,18,0.6420659722222222,-0.04017361111111111,100
qwen25_3b,be_present,long,filler_after_distractor,19,0.6403125,0.05999131944444445,100
qwen25_3b,be_present,long,filler_after_distractor,20,0.613984375,0.06667534722222222,100
qwen25_3b,be_present,long,filler_after_distractor,21,0.6072222222222222,-0.0009722222222222222,100
qwen25_3b,be_present,long,filler_after_distractor,22,0.7036111111111111,0.04732638888888889,100
qwen25_3b,be_present,long,filler_after_distractor,23,0.7209288194444444,0.012890625,100
qwen25_3b,be_present,long,filler_after_distractor,24,0.7094444444444444,0.05769965277777778,100
qwen25_3b,be_present,long,filler_after_distractor,25,0.8384548611111111,0.025503472222222223,100
qwen25_3b,be_present,long,filler_after_distractor,26,0.6714409722222222,0.03724826388888889,100
qwen25_3b,be_present,long,filler_after_distractor,27,0.577265625,-0.02290798611111111,100
qwen25_3b,be_present,long,filler_after_distractor,28,0.5033940972222222,-0.054140625,100
qwen25_3b,be_present,long,filler_after_distractor,29,0.9433159722222222,0.08053819444444445,100
qwen25_3b,be_present,long,filler_after_distractor,30,0.35511284722222225,-0.0014670138888888888,100
qwen25_3b,be_present,long,filler_after_distractor,31,0.16288194444444445,0.014644097222222222,100
qwen25_3b,be_present,long,filler_after_distractor,32,0.12416666666666666,0.013072916666666667,100
qwen25_3b,be_present,long,filler_after_distractor,33,0.12256944444444444,0.001484375,100
qwen25_3b,be_present,long,filler_after_distractor,34,0.11392361111111111,-0.006328125,100
qwen25_3b,be_present,long,filler_after_distractor,35,0.0,0.0,100
qwen25_3b,be_present,long,final,1,-0.2115625,0.081015625,100
qwen25_3b,be_present,long,final,2,-0.198984375,-0.078515625,100
qwen25_3b,be_present,long,final,3,-0.2196875,0.258984375,100
qwen25_3b,be_present,long,final,4,-0.29171875,-0.02078125,100
qwen25_3b,be_present,long,final,5,-0.35515625,0.18515625,100
qwen25_3b,be_present,long,final,6,-0.17609375,-0.128203125,100
qwen25_3b,be_present,long,final,7,-0.126796875,0.042734375,100
qwen25_3b,be_present,long,final,8,0.068671875,0.106875,100
qwen25_3b,be_present,long,final,9,-0.089140625,-0.176796875,100
qwen25_3b,be_present,long,final,10,0.01375,0.163125,100
qwen25_3b,be_present,long,final,11,0.02359375,-0.048125,100
qwen25_3b,be_present,long,final,12,0.05453125,-0.063125,100
qwen25_3b,be_present,long,final,13,-0.066875,-0.223671875,100
qwen25_3b,be_present,long,final,14,0.413046875,-0.00140625,100
qwen25_3b,be_present,long,final,15,0.818046875,0.101953125,100
qwen25_3b,be_present,long,final,16,1.039375,0.04953125,100
qwen25_3b,be_present,long,final,17,0.908671875,0.200625,100
qwen25_3b,be_present,long,final,18,0.947265625,0.140625,100
qwen25_3b,be_present,long,final,19,1.006640625,0.22875,100
qwen25_3b,be_present,long,final,20,0.942109375,0.35890625,100
qwen25_3b,be_present,long,final,21,0.98703125,0.022890625,100
qwen25_3b,be_present,long,final,22,1.395859375,0.218359375,100
qwen25_3b,be_present,long,final,23,1.669296875,0.324296875,100
qwen25_3b,be_present,long,final,24,1.907890625,0.46078125,100
qwen25_3b,be_present,long,final,25,2.169765625,0.089375,100
qwen25_3b,be_present,long,final,26,3.003671875,0.20234375,100
qwen25_3b,be_present,long,final,27,3.26734375,0.039921875,100
qwen25_3b,be_present,long,final,28,3.56375,0.123671875,100
qwen25_3b,be_present,long,final,29,6.71734375,0.78890625,100
qwen25_3b,be_present,long,final,30,7.55484375,0.08640625,100
qwen25_3b,be_present,long,final,31,8.09859375,0.57546875,100
qwen25_3b,be_present,long,final,32,8.9975,0.37859375,100
qwen25_3b,be_present,long,final,33,9.068671875,-1.0176171875,100
qwen25_3b,be_present,long,final,34,9.229921875,-0.1453125,100
qwen25_3b,be_present,long,final,35,3.753984375,0.038046875,100
qwen25_3b,be_present,long,prefix_before_subject,1,-0.049609375,0.011953125,100
qwen25_3b,be_present,long,prefix_before_subject,2,-0.032109375,0.0003125,100
qwen25_3b,be_present,long,prefix_before_subject,3,-0.031171875,-0.004609375,100
qwen25_3b,be_present,long,prefix_before_subject,4,-0.03203125,-0.018984375,100
qwen25_3b,be_present,long,prefix_before_subject,5,-0.03078125,-0.015859375,100
qwen25_3b,be_present,long,prefix_before_subject,6,-0.021171875,-0.009921875,100
qwen25_3b,be_present,long,prefix_before_subject,7,-0.029765625,0.0,100
qwen25_3b,be_present,long,prefix_before_subject,8,-0.0259375,-0.00265625,100
qwen25_3b,be_present,long,prefix_before_subject,9,-0.0140625,-0.004375,100
qwen25_3b,be_present,long,prefix_before_subject,10,-0.01515625,-0.01296875,100
qwen25_3b,be_present,long,prefix_before_subject,11,-0.0196875,0.02671875,100
qwen25_3b,be_present,long,prefix_before_subject,12,-0.02,0.00328125,100
qwen25_3b,be_present,long,prefix_before_subject,13,-0.02109375,0.00140625,100
qwen25_3b,be_present,long,prefix_before_subject,14,-0.018828125,-0.008125,100
qwen25_3b,be_present,long,prefix_before_subject,15,-0.03109375,0.0409375,100
qwen25_3b,be_present,long,prefix_before_subject,16,-0.025703125,0.00453125,100
qwen25_3b,be_present,long,prefix_before_subject,17,-0.02609375,0.011796875,100
qwen25_3b,be_present,long,prefix_before_subject,18,-0.035546875,-0.020390625,100
qwen25_3b,be_present,long,prefix_before_subject,19,-0.043828125,0.001171875,100
qwen25_3b,be_present,long,prefix_before_subject,20,-0.04671875,0.001015625,100
qwen25_3b,be_present,long,prefix_before_subject,21,-0.04421875,0.0196875,100
qwen25_3b,be_present,long,prefix_before_subject,22,-0.04,-0.022734375,100
qwen25_3b,be_present,long,prefix_before_subject,23,-0.032109375,-0.00765625,100
qwen25_3b,be_present,long,prefix_before_subject,24,-0.032578125,-0.013359375,100
qwen25_3b,be_present,long,prefix_before_subject,25,-0.061875,-0.001953125,100
qwen25_3b,be_present,long,prefix_before_subject,26,-0.08125,0.00234375,100
qwen25_3b,be_present,long,prefix_before_subject,27,-0.087734375,-0.040546875,100
qwen25_3b,be_present,long,prefix_before_subject,28,-0.098671875,-0.043359375,100
qwen25_3b,be_present,long,prefix_before_subject,29,-0.193125,0.016484375,100
qwen25_3b,be_present,long,prefix_before_subject,30,-0.177265625,0.018046875,100
qwen25_3b,be_present,long,prefix_before_subject,31,-0.21359375,0.008125,100
qwen25_3b,be_present,long,prefix_before_subject,32,-0.297421875,-0.001875,100
qwen25_3b,be_present,long,prefix_before_subject,33,-0.276875,0.013828125,100
qwen25_3b,be_present,long,prefix_before_subject,34,-0.275703125,0.026171875,100
qwen25_3b,be_present,long,prefix_before_subject,35,0.0,0.0,100
qwen25_3b,be_present,long,subject,1,7.111796875,0.029296875,100
qwen25_3b,be_present,long,subject,2,6.3040625,-0.063515625,100
qwen25_3b,be_present,long,subject,3,6.306796875,0.01359375,100
qwen25_3b,be_present,long,subject,4,6.012421875,-0.069921875,100
qwen25_3b,be_present,long,subject,5,5.9196875,-0.07734375,100
qwen25_3b,be_present,long,subject,6,5.84578125,-0.02609375,100
qwen25_3b,be_present,long,subject,7,5.008046875,-0.029375,100
qwen25_3b,be_present,long,subject,8,5.039921875,-0.021328125,100
qwen25_3b,be_present,long,subject,9,5.02609375,0.017265625,100
qwen25_3b,be_present,long,subject,10,4.972734375,-0.063984375,100
qwen25_3b,be_present,long,subject,11,4.927109375,-0.041328125,100
qwen25_3b,be_present,long,subject,12,4.868984375,-0.012890625,100
qwen25_3b,be_present,long,subject,13,4.6978125,-0.038828125,100
qwen25_3b,be_present,long,subject,14,4.685546875,0.0846875,100
qwen25_3b,be_present,long,subject,15,4.475546875,-0.059453125,100
qwen25_3b,be_present,long,subject,16,4.09546875,-0.041171875,100
qwen25_3b,be_present,long,subject,17,4.11,-0.000546875,100
qwen25_3b,be_present,long,subject,18,4.070390625,0.006953125,100
qwen25_3b,be_present,long,subject,19,4.00609375,-0.006015625,100
qwen25_3b,be_present,long,subject,20,3.970078125,0.01296875,100
qwen25_3b,be_present,long,subject,21,3.94921875,0.02453125,100
qwen25_3b,be_present,long,subject,22,3.986875,-0.001484375,100
qwen25_3b,be_present,long,subject,23,4.00828125,-0.0290625,100
qwen25_3b,be_present,long,subject,24,3.972109375,-0.028125,100
qwen25_3b,be_present,long,subject,25,3.901015625,-0.067265625,100
qwen25_3b,be_present,long,subject,26,3.57234375,0.003125,100
qwen25_3b,be_present,long,subject,27,3.54046875,-0.102734375,100
qwen25_3b,be_present,long,subject,28,3.4559375,-0.093046875,100
qwen25_3b,be_present,long,subject,29,2.997578125,0.240234375,100
qwen25_3b,be_present,long,subject,30,0.10921875,0.007109375,100
qwen25_3b,be_present,long,subject,31,0.050625,0.00359375,100
qwen25_3b,be_present,long,subject,32,0.038828125,0.005703125,100
qwen25_3b,be_present,long,subject,33,0.033125,0.006484375,100
qwen25_3b,be_present,long,subject,34,0.033671875,0.003125,100
qwen25_3b,be_present,long,subject,35,0.0,0.0,100
qwen25_3b,be_present,medium,between_subject_distractor,1,2.196240717821782,0.08199257425742575,100
qwen25_3b,be_present,medium,between_subject_distractor,2,2.2167388613861387,-0.09653465346534654,100
qwen25_3b,be_present,medium,between_subject_distractor,3,1.9206373762376239,0.0016630569306930693,100
qwen25_3b,be_present,medium,between_subject_distractor,4,2.6133586014851486,-0.03299040841584158,100
qwen25_3b,be_present,medium,between_subject_distractor,5,2.6596147896039604,-0.11567914603960396,100
qwen25_3b,be_present,medium,between_subject_distractor,6,2.7861618193069306,-0.03125,100
qwen25_3b,be_present,medium,between_subject_distractor,7,2.458539603960396,-0.06346689356435643,100
qwen25_3b,be_present,medium,between_subject_distractor,8,2.411316522277228,0.03813428217821782,100
qwen25_3b,be_present,medium,between_subject_distractor,9,2.3638227103960396,-0.016630569306930694,100
qwen25_3b,be_present,medium,between_subject_distractor,10,2.335202660891089,0.05724009900990099,100
qwen25_3b,be_present,medium,between_subject_distractor,11,2.311146349009901,-0.08655631188118812,100
qwen25_3b,be_present,medium,between_subject_distractor,12,2.378326113861386,-0.05205754950495049,100
qwen25_3b,be_present,medium,between_subject_distractor,13,2.459429146039604,-0.0036741955445544552,100
qwen25_3b,be_present,medium,between_subject_distractor,14,2.469059405940594,0.17918471534653466,100
qwen25_3b,be_present,medium,between_subject_distractor,15,2.102413366336634,-0.024443069306930694,100
qwen25_3b,be_present,medium,between_subject_distractor,16,1.7998143564356435,-0.061649133663366336,100
qwen25_3b,be_present,medium,between_subject_distractor,17,1.7412592821782178,0.0257967202970297,100
qwen25_3b,be_present,medium,between_subject_distractor,18,1.6482441212871286,0.04184715346534654,100
qwen25_3b,be_present,medium,between_subject_distractor,19,1.5844678217821782,0.04559870049504951,100
qwen25_3b,be_present,medium,between_subject_distractor,20,1.563080136138614,0.12871287128712872,100
qwen25_3b,be_present,medium,between_subject_distractor,21,1.5523669554455446,-0.02672493811881188,100
qwen25_3b,be_present,medium,between_subject_distractor,22,1.5893022896039604,-0.0655940594059406,100
qwen25_3b,be_present,medium,between_subject_distractor,23,1.63490099009901,0.11583384900990099,100
qwen25_3b,be_present,medium,between_subject_distractor,24,1.5731358292079207,0.07069925742574257,100
qwen25_3b,be_present,medium,between_subject_distractor,25,1.6125464108910892,-0.004911819306930693,100
qwen25_3b,be_present,medium,between_subject_distractor,26,1.0602954826732673,-0.026028774752475246,100
qwen25_3b,be_present,medium,between_subject_distractor,27,1.0015857054455446,-0.04935024752475248,100
qwen25_3b,be_present,medium,between_subject_distractor,28,0.9345606435643564,-0.04989170792079208,100
qwen25_3b,be_present,medium,between_subject_distractor,29,0.630105198019802,0.0700417698019802,100
qwen25_3b,be_present,medium,between_subject_distractor,30,0.15102877475247525,-0.006961633663366337,100
qwen25_3b,be_present,medium,between_subject_distractor,31,0.03581373762376237,0.0030553836633663367,100
qwen25_3b,be_present,medium,between_subject_distractor,32,-0.020652846534653466,-0.003287438118811881,100
qwen25_3b,be_present,medium,between_subject_distractor,33,-0.01670792079207921,0.0011602722772277227,100
qwen25_3b,be_present,medium,between_subject_distractor,34,-0.018719059405940593,0.006574876237623762,100
qwen25_3b,be_present,medium,between_subject_distractor,35,0.0,0.0,100
qwen25_3b,be_present,medium,distractor,1,0.445625,0.0534375,100
qwen25_3b,be_present,medium,distractor,2,0.3965625,-0.0084375,100
qwen25_3b,be_present,medium,distractor,3,0.138125,-0.00484375,100
qwen25_3b,be_present,medium,distractor,4,0.12859375,-0.094140625,100
qwen25_3b,be_present,medium,distractor,5,-0.074296875,0.119375,100
qwen25_3b,be_present,medium,distractor,6,-0.669296875,0.108984375,100
qwen25_3b,be_present,medium,distractor,7,-0.055546875,0.065,100
qwen25_3b,be_present,medium,distractor,8,0.33953125,0.092421875,100
qwen25_3b,be_present,medium,distractor,9,0.090078125,0.058671875,100
qwen25_3b,be_present,medium,distractor,10,0.17703125,0.07328125,100
qwen25_3b,be_present,medium,distractor,11,0.12859375,-0.0071875,100
qwen25_3b,be_present,medium,distractor,12,0.376953125,0.0196875,100
qwen25_3b,be_present,medium,distractor,13,-0.109921875,0.038515625,100
qwen25_3b,be_present,medium,distractor,14,0.172734375,0.3271875,100
qwen25_3b,be_present,medium,distractor,15,-0.1353125,0.04125,100
qwen25_3b,be_present,medium,distractor,16,0.076953125,0.04875,100
qwen25_3b,be_present,medium,distractor,17,0.12125,-0.041171875,100
qwen25_3b,be_present,medium,distractor,18,0.23640625,0.110234375,100
qwen25_3b,be_present,medium,distractor,19,0.205859375,0.004140625,100
qwen25_3b,be_present,medium,distractor,20,0.129609375,0.17546875,100
qwen25_3b,be_present,medium,distractor,21,0.2203125,-0.060546875,100
qwen25_3b,be_present,medium,distractor,22,0.26859375,-0.173203125,100
qwen25_3b,be_present,medium,distractor,23,0.328828125,0.11609375,100
qwen25_3b,be_present,medium,distractor,24,0.00171875,0.077109375,100
qwen25_3b,be_present,medium,distractor,25,0.44140625,-0.02515625,100
qwen25_3b,be_present,medium,distractor,26,0.46875,0.116796875,100
qwen25_3b,be_present,medium,distractor,27,0.348671875,-0.007109375,100
qwen25_3b,be_present,medium,distractor,28,0.396640625,-0.08921875,100
qwen25_3b,be_present,medium,distractor,29,1.4428125,0.169765625,100
qwen25_3b,be_present,medium,distractor,30,0.708984375,-0.0125,100
qwen25_3b,be_present,medium,distractor,31,0.12984375,0.006015625,100
qwen25_3b,be_present,medium,distractor,32,0.066015625,-0.003828125,100
qwen25_3b,be_present,medium,distractor,33,0.073671875,0.004765625,100
qwen25_3b,be_present,medium,distractor,34,0.0715625,-0.00359375,100
qwen25_3b,be_present,medium,distractor,35,0.0,0.0,100
qwen25_3b,be_present,medium,filler_after_distractor,1,0.5466145833333333,-0.0004166666666666667,100
qwen25_3b,be_present,medium,filler_after_distractor,2,0.5371354166666666,-0.02606770833333333,100
qwen25_3b,be_present,medium,filler_after_distractor,3,0.58328125,0.05734375,100
qwen25_3b,be_present,medium,filler_after_distractor,4,0.3186979166666667,0.001953125,100
qwen25_3b,be_present,medium,filler_after_distractor,5,0.1334375,0.042083333333333334,100
qwen25_3b,be_present,medium,filler_after_distractor,6,0.6973177083333333,-0.007578125,100
qwen25_3b,be_present,medium,filler_after_distractor,7,0.660234375,-0.11666666666666667,100
qwen25_3b,be_present,medium,filler_after_distractor,8,0.7888541666666666,0.120703125,100
qwen25_3b,be_present,medium,filler_after_distractor,9,0.6944270833333334,0.012630208333333334,100
qwen25_3b,be_present,medium,filler_after_distractor,10,0.7923958333333333,-0.05528645833333334,100
qwen25_3b,be_present,medium,filler_after_distractor,11,0.7907552083333333,0.001953125,100
qwen25_3b,be_present,medium,filler_after_distractor,12,0.8344791666666667,0.10385416666666666,100
qwen25_3b,be_present,medium,filler_after_distractor,13,0.7363802083333333,0.05260416666666667,100
qwen25_3b,be_present,medium,filler_after_distractor,14,1.16609375,0.171015625,100
qwen25_3b,be_present,medium,filler_after_distractor,15,1.29015625,0.068125,100
qwen25_3b,be_present,medium,filler_after_distractor,16,1.2668489583333333,0.005260416666666667,100
qwen25_3b,be_present,medium,filler_after_distractor,17,1.30484375,-0.10505208333333334,100
qwen25_3b,be_present,medium,filler_after_distractor,18,1.215859375,0.0030989583333333333,100
qwen25_3b,be_present,medium,filler_after_distractor,19,1.19734375,0.11638020833333333,100
qwen25_3b,be_present,medium,filler_after_distractor,20,1.1500520833333334,0.15471354166666668,100
qwen25_3b,be_present,medium,filler_after_distractor,21,1.1329166666666666,0.017682291666666666,100
qwen25_3b,be_present,medium,filler_after_distractor,22,1.2105208333333333,0.13708333333333333,100
qwen25_3b,be_present,medium,filler_after_distractor,23,1.265703125,0.06783854166666667,100
qwen25_3b,be_present,medium,filler_after_distractor,24,1.106796875,0.060078125,100
qwen25_3b,be_present,medium,filler_after_distractor,25,1.3318489583333333,0.0004166666666666667,100
qwen25_3b,be_present,medium,filler_after_distractor,26,0.9534375,0.022708333333333334,100
qwen25_3b,be_present,medium,filler_after_distractor,27,0.779765625,-0.07674479166666667,100
qwen25_3b,be_present,medium,filler_after_distractor,28,0.68359375,-0.047942708333333334,100
qwen25_3b,be_present,medium,filler_after_distractor,29,1.052109375,0.11104166666666666,100
qwen25_3b,be_present,medium,filler_after_distractor,30,0.4788541666666667,-0.007369791666666667,100
qwen25_3b,be_present,medium,filler_after_distractor,31,0.17065104166666667,0.015885416666666666,100
qwen25_3b,be_present,medium,filler_after_distractor,32,0.13200520833333335,0.0067708333333333336,100
qwen25_3b,be_present,medium,filler_after_distractor,33,0.15505208333333334,-0.0067708333333333336,100
qwen25_3b,be_present,medium,filler_after_distractor,34,0.14994791666666665,-0.001171875,100
qwen25_3b,be_present,medium,filler_after_distractor,35,0.0,0.0,100
qwen25_3b,be_present,medium,final,1,0.206796875,0.013359375,100
qwen25_3b,be_present,medium,final,2,0.236796875,-0.011328125,100
qwen25_3b,be_present,medium,final,3,0.34078125,0.07984375,100
qwen25_3b,be_present,medium,final,4,0.183828125,0.099375,100
qwen25_3b,be_present,medium,final,5,0.19703125,-0.0265625,100
qwen25_3b,be_present,medium,final,6,0.420625,0.14921875,100
qwen25_3b,be_present,medium,final,7,0.6878125,0.093515625,100
qwen25_3b,be_present,medium,final,8,1.05125,0.267265625,100
qwen25_3b,be_present,medium,final,9,0.89515625,0.11109375,100
qwen25_3b,be_present,medium,final,10,1.105859375,-0.014375,100
qwen25_3b,be_present,medium,final,11,1.184140625,0.01671875,100
qwen25_3b,be_present,medium,final,12,1.11234375,-0.014921875,100
qwen25_3b,be_present,medium,final,13,1.19328125,-0.474453125,100
qwen25_3b,be_present,medium,final,14,1.50390625,0.503671875,100
qwen25_3b,be_present,medium,final,15,1.939140625,0.12015625,100
qwen25_3b,be_present,medium,final,16,2.309765625,0.2834375,100
qwen25_3b,be_present,medium,final,17,2.317421875,-0.26375,100
qwen25_3b,be_present,medium,final,18,2.107109375,-0.1665625,100
qwen25_3b,be_present,medium,final,19,2.158046875,0.241171875,100
qwen25_3b,be_present,medium,final,20,2.1309375,0.427265625,100
qwen25_3b,be_present,medium,final,21,2.149375,0.23984375,100
qwen25_3b,be_present,medium,final,22,2.44625,0.277109375,100
qwen25_3b,be_present,medium,final,23,2.496953125,0.273125,100
qwen25_3b,be_present,medium,final,24,2.6571875,0.13140625,100
qwen25_3b,be_present,medium,final,25,3.27625,0.07078125,100
qwen25_3b,be_present,medium,final,26,3.4921875,0.138203125,100
qwen25_3b,be_present,medium,final,27,3.70140625,-0.1271875,100
qwen25_3b,be_present,medium,final,28,3.96734375,-0.178828125,100
qwen25_3b,be_present,medium,final,29,6.51109375,0.86546875,100
qwen25_3b,be_present,medium,final,30,7.25078125,-0.122578125,100
qwen25_3b,be_present,medium,final,31,7.44921875,0.584453125,100
qwen25_3b,be_present,medium,final,32,7.194296875,0.37671875,100
qwen25_3b,be_present,medium,final,33,7.069765625,-0.875078125,100
qwen25_3b,be_present,medium,final,34,7.848828125,-0.18640625,100
qwen25_3b,be_present,medium,final,35,3.4934375,0.02875,100
qwen25_3b,be_present,medium,prefix_before_subject,1,-0.039921875,0.01265625,100
qwen25_3b,be_present,medium,prefix_before_subject,2,-0.01921875,-0.000703125,100
qwen25_3b,be_present,medium,prefix_before_subject,3,-0.0228125,0.00625,100
qwen25_3b,be_present,medium,prefix_before_subject,4,-0.02296875,-0.003046875,100
qwen25_3b,be_present,medium,prefix_before_subject,5,-0.011796875,-0.011328125,100
qwen25_3b,be_present,medium,prefix_before_subject,6,-0.0084375,-0.011796875,100
qwen25_3b,be_present,medium,prefix_before_subject,7,-0.018125,0.000703125,100
qwen25_3b,be_present,medium,prefix_before_subject,8,-0.0075,-0.0021875,100
qwen25_3b,be_present,medium,prefix_before_subject,9,0.013359375,-0.010390625,100
qwen25_3b,be_present,medium,prefix_before_subject,10,0.002890625,-0.004140625,100
qwen25_3b,be_present,medium,prefix_before_subject,11,0.0078125,0.02203125,100
qwen25_3b,be_present,medium,prefix_before_subject,12,0.013671875,0.008359375,100
qwen25_3b,be_present,medium,prefix_before_subject,13,0.017578125,-0.004140625,100
qwen25_3b,be_present,medium,prefix_before_subject,14,0.017265625,0.001484375,100
qwen25_3b,be_present,medium,prefix_before_subject,15,0.011875,0.03828125,100
qwen25_3b,be_present,medium,prefix_before_subject,16,0.016328125,0.0071875,100
qwen25_3b,be_present,medium,prefix_before_subject,17,0.018125,-0.00765625,100
qwen25_3b,be_present,medium,prefix_before_subject,18,0.01171875,-0.028984375,100
qwen25_3b,be_present,medium,prefix_before_subject,19,0.003203125,0.017421875,100
qwen25_3b,be_present,medium,prefix_before_subject,20,-0.00296875,0.01890625,100
qwen25_3b,be_present,medium,prefix_before_subject,21,-0.001796875,-0.003671875,100
qwen25_3b,be_present,medium,prefix_before_subject,22,0.008515625,-0.0315625,100
qwen25_3b,be_present,medium,prefix_before_subject,23,0.022421875,-0.000234375,100
qwen25_3b,be_present,medium,prefix_before_subject,24,0.016484375,-0.01125,100
qwen25_3b,be_present,medium,prefix_before_subject,25,-0.00515625,-0.004140625,100
qwen25_3b,be_present,medium,prefix_before_subject,26,-0.016484375,0.0378125,100
qwen25_3b,be_present,medium,prefix_before_subject,27,-0.030859375,-0.060234375,100
qwen25_3b,be_present,medium,prefix_before_subject,28,-0.041796875,-0.053984375,100
qwen25_3b,be_present,medium,prefix_before_subject,29,-0.053203125,0.016484375,100
qwen25_3b,be_present,medium,prefix_before_subject,30,0.0490625,-0.01265625,100
qwen25_3b,be_present,medium,prefix_before_subject,31,0.038203125,0.047734375,100
qwen25_3b,be_present,medium,prefix_before_subject,32,0.01078125,0.000703125,100
qwen25_3b,be_present,medium,prefix_before_subject,33,0.05578125,0.014921875,100
qwen25_3b,be_present,medium,prefix_before_subject,34,0.049765625,-0.00296875,100
qwen25_3b,be_present,medium,prefix_before_subject,35,0.0,0.0,100
qwen25_3b,be_present,medium,subject,1,6.792109375,0.03296875,100
qwen25_3b,be_present,medium,subject,2,6.192734375,-0.077578125,100
qwen25_3b,be_present,medium,subject,3,6.195625,0.00796875,100
qwen25_3b,be_present,medium,subject,4,5.956015625,-0.0375,100
qwen25_3b,be_present,medium,subject,5,5.8825,-0.092265625,100
qwen25_3b,be_present,medium,subject,6,5.8071875,0.022265625,100
qwen25_3b,be_present,medium,subject,7,5.127890625,-0.013203125,100
qwen25_3b,be_present,medium,subject,8,5.135625,-0.0246875,100
qwen25_3b,be_present,medium,subject,9,5.137109375,0.06875,100
qwen25_3b,be_present,medium,subject,10,5.085234375,-0.0528125,100
qwen25_3b,be_present,medium,subject,11,5.069375,-0.084140625,100
qwen25_3b,be_present,medium,subject,12,4.965859375,0.011640625,100
qwen25_3b,be_present,medium,subject,13,4.795390625,-0.05546875,100
qwen25_3b,be_present,medium,subject,14,4.758671875,0.113125,100
qwen25_3b,be_present,medium,subject,15,4.569140625,-0.061015625,100
qwen25_3b,be_present,medium,subject,16,4.301953125,-0.0971875,100
qwen25_3b,be_present,medium,subject,17,4.2909375,0.020546875,100
qwen25_3b,be_present,medium,subject,18,4.263671875,0.0296875,100
qwen25_3b,be_present,medium,subject,19,4.223203125,-0.003125,100
qwen25_3b,be_present,medium,subject,20,4.208046875,0.0190625,100
qwen25_3b,be_present,medium,subject,21,4.204296875,0.04671875,100
qwen25_3b,be_present,medium,subject,22,4.246875,-0.01328125,100
qwen25_3b,be_present,medium,subject,23,4.273203125,-0.053671875,100
qwen25_3b,be_present,medium,subject,24,4.204609375,-0.091953125,100
qwen25_3b,be_present,medium,subject,25,4.117109375,-0.085234375,100
qwen25_3b,be_present,medium,subject,26,3.84828125,0.0234375,100
qwen25_3b,be_present,medium,subject,27,3.75921875,-0.212734375,100
qwen25_3b,be_present,medium,subject,28,3.6953125,-0.169609375,100
qwen25_3b,be_present,medium,subject,29,3.323671875,0.35859375,100
qwen25_3b,be_present,medium,subject,30,0.52265625,0.00359375,100
qwen25_3b,be_present,medium,subject,31,0.20609375,0.023359375,100
qwen25_3b,be_present,medium,subject,32,0.193515625,0.022109375,100
qwen25_3b,be_present,medium,subject,33,0.18515625,0.01265625,100
qwen25_3b,be_present,medium,subject,34,0.188671875,-0.015078125,100
qwen25_3b,be_present,medium,subject,35,0.0,0.0,100
