model_tag,exp_name,exp_group,layer,is_layer_0,signed_effect_mean,signed_effect_ci_lo,signed_effect_ci_hi,noise_effect_abs_mean,noise_effect_abs_ci_lo,noise_effect_abs_ci_hi,n_items
qwen25_3b,crossed_dist_SP_to_PS,crossed_distractor_patch,0,True,1.5509615384615385,1.4857261618589743,1.611701221955128,1.1024305555555554,1.0451954794337606,1.160765892094017,390
qwen25_3b,crossed_dist_SP_to_PS,crossed_distractor_patch,1,False,1.5416466346153845,1.4786002604166666,1.6006515424679488,3.6881777510683764,3.610574502537393,3.769290948851496,390
qwen25_3b,crossed_dist_SP_to_PS,crossed_distractor_patch,2,False,1.4875,1.423846654647436,1.5469421073717948,1.0263221153846154,0.9726422275641025,1.0836408253205128,390
qwen25_3b,crossed_dist_SP_to_PS,crossed_distractor_patch,3,False,1.4698116987179488,1.4048953325320512,1.5307496995192307,0.8461471688034189,0.7929627403846153,0.901108607104701,390
qwen25_3b,crossed_dist_SP_to_PS,crossed_distractor_patch,4,False,1.4268629807692308,1.3621349158653846,1.4869871794871796,0.5387686965811966,0.4984421741452991,0.578306623931624,390
qwen25_3b,crossed_dist_SP_to_PS,crossed_distractor_patch,5,False,1.4290264423076924,1.3645382612179489,1.488624298878205,0.6319310897435897,0.5828161725427351,0.6856101428952991,390
qwen25_3b,crossed_dist_SP_to_PS,crossed_distractor_patch,6,False,1.401602564102564,1.3352273637820513,1.4613992387820511,0.8948918269230769,0.8422180488782052,0.9525861378205126,390
qwen25_3b,crossed_dist_SP_to_PS,crossed_distractor_patch,7,False,1.0732772435897435,1.0129151642628205,1.1283473557692307,0.7405582264957266,0.6933391760149572,0.788861845619658,390
qwen25_3b,crossed_dist_SP_to_PS,crossed_distractor_patch,8,False,1.041025641025641,0.9803380408653846,1.09671875,1.053505608974359,0.993746828258547,1.116192407852564,390
qwen25_3b,crossed_dist_SP_to_PS,crossed_distractor_patch,9,False,0.9701322115384615,0.9070102163461539,1.02740234375,0.5021033653846154,0.46419170673076926,0.5410194644764957,390
qwen25_3b,crossed_dist_SP_to_PS,crossed_distractor_patch,10,False,0.9450721153846153,0.8827498998397436,1.0006876001602565,0.706744123931624,0.6631685697115385,0.7533670539529914,390
qwen25_3b,crossed_dist_SP_to_PS,crossed_distractor_patch,11,False,0.9392227564102564,0.8799659455128205,0.9925485777243589,0.8260817307692307,0.7779039797008547,0.8733313301282052,390
qwen25_3b,crossed_dist_SP_to_PS,crossed_distractor_patch,12,False,0.9152844551282051,0.8566045673076923,0.9689673477564101,0.9706997863247864,0.9227652577457265,1.0209408386752137,390
qwen25_3b,crossed_dist_SP_to_PS,crossed_distractor_patch,13,False,0.6647636217948718,0.610684595352564,0.7144641426282051,0.9856637286324786,0.9317426215277779,1.044024105235043,390
qwen25_3b,crossed_dist_SP_to_PS,crossed_distractor_patch,14,False,0.6123798076923077,0.5586873998397436,0.6622811498397435,1.1383279914529914,1.0907461939102565,1.1892232572115384,390
qwen25_3b,crossed_dist_SP_to_PS,crossed_distractor_patch,15,False,0.40412660256410254,0.3533363381410256,0.45178285256410255,0.4727630876068376,0.43994123931623935,0.5071681356837606,390
qwen25_3b,crossed_dist_SP_to_PS,crossed_distractor_patch,16,False,0.0391025641025641,-0.0007496995192307687,0.07771684695512814,1.6039930555555557,1.5549257144764959,1.6562540064102564,390
qwen25_3b,crossed_dist_SP_to_PS,crossed_distractor_patch,17,False,0.015905448717948717,-0.02141426282051282,0.05214593349358973,0.6612045940170941,0.6196307425213675,0.7042496327457265,390
qwen25_3b,crossed_dist_SP_to_PS,crossed_distractor_patch,18,False,0.0010416666666666667,-0.03300030048076923,0.03369591346153845,0.6167067307692309,0.5828789396367522,0.652854233440171,390
qwen25_3b,crossed_dist_SP_to_PS,crossed_distractor_patch,19,False,-0.012740384615384615,-0.04682091346153846,0.019400540865384563,0.6784922542735043,0.6434276509081197,0.7149118589743589,390
qwen25_3b,crossed_dist_SP_to_PS,crossed_distractor_patch,20,False,-0.03062900641025641,-0.06057842548076923,-0.0010566907051282324,0.8998130341880342,0.8654869457799145,0.9391503071581195,390
qwen25_3b,crossed_dist_SP_to_PS,crossed_distractor_patch,21,False,-0.0140625,-0.04425731169871795,0.014824218749999996,0.9431557158119659,0.9082388488247862,0.9795083800747864,390
qwen25_3b,crossed_dist_SP_to_PS,crossed_distractor_patch,22,False,-0.003425480769230769,-0.032758914262820515,0.02492187499999999,0.8067908653846154,0.7729383680555554,0.8403532318376068,390
qwen25_3b,crossed_dist_SP_to_PS,crossed_distractor_patch,23,False,-0.03938301282051282,-0.06857071314102564,-0.01079076522435901,0.1932091346153846,0.17803786057692308,0.20902443910256405,390
qwen25_3b,crossed_dist_SP_to_PS,crossed_distractor_patch,24,False,-0.1427684294871795,-0.1696113782051282,-0.11651792868589748,0.19865117521367523,0.18380692441239316,0.21505775908119656,390
qwen25_3b,crossed_dist_SP_to_PS,crossed_distractor_patch,25,False,-0.03499599358974359,-0.05496945112179487,-0.01574469150641026,0.12570779914529914,0.11590511485042736,0.13622579460470086,390
qwen25_3b,crossed_dist_SP_to_PS,crossed_distractor_patch,26,False,-0.14076522435897437,-0.15743389423076923,-0.12453725961538463,0.4063167735042735,0.39203809428418795,0.42102781116452986,390
qwen25_3b,crossed_dist_SP_to_PS,crossed_distractor_patch,27,False,-0.10953525641025641,-0.12263621794871794,-0.09621294070512822,0.08526308760683762,0.07797809829059829,0.09251552483974361,390
qwen25_3b,crossed_dist_SP_to_PS,crossed_distractor_patch,28,False,-0.07321714743589744,-0.08547726362179488,-0.060653545673076945,0.2822315705128205,0.2717210870726496,0.29335052751068375,390
qwen25_3b,crossed_dist_SP_to_PS,crossed_distractor_patch,29,False,-0.20130208333333333,-0.21822966746794872,-0.1858173076923077,0.11004273504273505,0.10267010550213675,0.11764306223290596,390
qwen25_3b,crossed_dist_SP_to_PS,crossed_distractor_patch,30,False,-0.6051081730769231,-0.6307291666666667,-0.5816882011217949,0.15711805555555558,0.1488302951388889,0.16552550747863248,390
qwen25_3b,crossed_dist_SP_to_PS,crossed_distractor_patch,31,False,-0.21712740384615384,-0.2285466746794872,-0.2064698517628205,0.14224759615384616,0.13649839743589742,0.1480306824252137,390
qwen25_3b,crossed_dist_SP_to_PS,crossed_distractor_patch,32,False,-0.21602564102564104,-0.22754457131410258,-0.20546875,0.06404246794871794,0.05987546741452992,0.06847723023504272,390
qwen25_3b,crossed_dist_SP_to_PS,crossed_distractor_patch,33,False,-0.21923076923076923,-0.23070963541666667,-0.20845052083333335,0.03611778846153846,0.03360026041666667,0.038601762820512815,390
qwen25_3b,crossed_dist_SP_to_PS,crossed_distractor_patch,34,False,-0.20346554487179488,-0.21424328926282052,-0.19316856971153845,0.03490918803418804,0.031596888354700856,0.038154714209401704,390
qwen25_3b,crossed_dist_SP_to_PS,crossed_distractor_patch,35,False,0.0,0.0,0.0,0.0,0.0,0.0,390
qwen25_3b,crossed_dist_SS_to_PP,crossed_distractor_patch,0,True,1.675761217948718,1.6024328926282052,1.7489793669871794,2.5547142094017095,2.4855069778311965,2.622212706997863,390
qwen25_3b,crossed_dist_SS_to_PP,crossed_distractor_patch,1,False,1.5783453525641025,1.5150831330128207,1.6391851963141024,5.242691639957266,5.167229316907052,5.323435329861111,390
qwen25_3b,crossed_dist_SS_to_PP,crossed_distractor_patch,2,False,1.4965544871794871,1.438379907852564,1.555714142628205,2.3155181623931624,2.250106503739316,2.381151676014957,390
qwen25_3b,crossed_dist_SS_to_PP,crossed_distractor_patch,3,False,1.494170673076923,1.436512419871795,1.552024238782051,2.179480502136752,2.1105560563568377,2.2545123864850427,390
qwen25_3b,crossed_dist_SS_to_PP,crossed_distractor_patch,4,False,1.4053084935897435,1.3497711338141025,1.4611879006410255,1.383934294871795,1.320838842147436,1.447619858440171,390
qwen25_3b,crossed_dist_SS_to_PP,crossed_distractor_patch,5,False,1.396133814102564,1.3410036057692307,1.4520067107371795,1.5851095085470084,1.5175452390491455,1.6540932158119657,390
qwen25_3b,crossed_dist_SS_to_PP,crossed_distractor_patch,6,False,1.3556690705128205,1.3018028846153846,1.409600360576923,1.693142361111111,1.6311852297008547,1.758254874465812,390
qwen25_3b,crossed_dist_SS_to_PP,crossed_distractor_patch,7,False,1.0491987179487179,1.0025891426282052,1.095235376602564,1.3629540598290597,1.3020110510149572,1.425087139423077,390
qwen25_3b,crossed_dist_SS_to_PP,crossed_distractor_patch,8,False,1.0393629807692308,0.9929251802884616,1.0850370592948717,1.9022102029914532,1.8333976028311962,1.9735620325854701,390
qwen25_3b,crossed_dist_SS_to_PP,crossed_distractor_patch,9,False,1.076221955128205,1.0291646634615383,1.121190905448718,0.7712540064102565,0.728342514690171,0.8168579727564101,390
qwen25_3b,crossed_dist_SS_to_PP,crossed_distractor_patch,10,False,1.04140625,0.9948202123397436,1.0858203124999999,1.1141025641025641,1.0606176549145299,1.1670257411858975,390
qwen25_3b,crossed_dist_SS_to_PP,crossed_distractor_patch,11,False,0.9976963141025641,0.9544856770833334,1.0381275040064102,0.9707799145299144,0.9239877136752137,1.0168639823717947,390
qwen25_3b,crossed_dist_SS_to_PP,crossed_distractor_patch,12,False,0.9858573717948718,0.9441416266025642,1.0248717948717947,1.3720753205128204,1.3199312232905982,1.4224934895833332,390
qwen25_3b,crossed_dist_SS_to_PP,crossed_distractor_patch,13,False,0.6390224358974359,0.6034645432692307,0.6749629407051282,1.3928952991452994,1.344163995726496,1.441838107638889,390
qwen25_3b,crossed_dist_SS_to_PP,crossed_distractor_patch,14,False,0.6229366987179488,0.5879807692307693,0.6588176081730769,1.4908052884615384,1.4497263955662394,1.532153111645299,390
qwen25_3b,crossed_dist_SS_to_PP,crossed_distractor_patch,15,False,0.4203125,0.38838040865384615,0.4522636217948718,0.720940170940171,0.6872781450320513,0.7529790998931623,390
qwen25_3b,crossed_dist_SS_to_PP,crossed_distractor_patch,16,False,0.30082131410256413,0.2714728565705128,0.32890875400641023,1.2592881944444443,1.2173187099358973,1.2996646300747863,390
qwen25_3b,crossed_dist_SS_to_PP,crossed_distractor_patch,17,False,0.27868589743589745,0.24977714342948718,0.3068714943910256,0.6668002136752136,0.6317503004807692,0.7010354901175212,390
qwen25_3b,crossed_dist_SS_to_PP,crossed_distractor_patch,18,False,0.29973958333333334,0.273193609775641,0.3262830528846154,0.369664797008547,0.3430815972222222,0.3947988448183761,390
qwen25_3b,crossed_dist_SS_to_PP,crossed_distractor_patch,19,False,0.30404647435897436,0.27539663461538466,0.33101262019230765,0.8345152243589744,0.7955846020299145,0.8732463608440171,390
qwen25_3b,crossed_dist_SS_to_PP,crossed_distractor_patch,20,False,0.2602363782051282,0.23573617788461537,0.2848587740384615,1.115317841880342,1.079533253205128,1.151725594284188,390
qwen25_3b,crossed_dist_SS_to_PP,crossed_distractor_patch,21,False,0.23798076923076922,0.2134189703525641,0.26155899439102565,0.7234775641025641,0.6911703725961539,0.7547828191773506,390
qwen25_3b,crossed_dist_SS_to_PP,crossed_distractor_patch,22,False,0.25050080128205127,0.22629907852564102,0.27469951923076924,0.7673944978632478,0.7429779313568375,0.7921564503205126,390
qwen25_3b,crossed_dist_SS_to_PP,crossed_distractor_patch,23,False,0.24619391025641027,0.22197415865384615,0.27051732772435894,0.1896033653846154,0.17471754807692308,0.20421407585470086,390
qwen25_3b,crossed_dist_SS_to_PP,crossed_distractor_patch,24,False,0.18715945512820512,0.16370092147435897,0.21078325320512817,0.1627804487179487,0.14924979967948718,0.17687049278846154,390
qwen25_3b,crossed_dist_SS_to_PP,crossed_distractor_patch,25,False,0.1386017628205128,0.12071013621794872,0.15623297275641024,0.14110576923076923,0.12961972489316237,0.15284521901709403,390
qwen25_3b,crossed_dist_SS_to_PP,crossed_distractor_patch,26,False,0.17564102564102563,0.15839292868589744,0.1931720753205128,0.41279380341880345,0.39698818108974365,0.42809445112179484,390
qwen25_3b,crossed_dist_SS_to_PP,crossed_distractor_patch,27,False,0.1672275641025641,0.15228215144230767,0.1816125801282051,0.10200320512820513,0.09335553552350426,0.11087857238247863,390
qwen25_3b,crossed_dist_SS_to_PP,crossed_distractor_patch,28,False,0.19681490384615385,0.18267077323717948,0.21023687900641025,0.29914529914529914,0.28689219417735046,0.3114720219017094,390
qwen25_3b,crossed_dist_SS_to_PP,crossed_distractor_patch,29,False,0.29813701923076924,0.2805879407051282,0.31620592948717946,0.0656383547008547,0.060903612446581205,0.07052049946581196,390
qwen25_3b,crossed_dist_SS_to_PP,crossed_distractor_patch,30,False,0.3602964743589744,0.34140625,0.3803495592948718,0.12286992521367522,0.1159518563034188,0.12970836672008546,390
qwen25_3b,crossed_dist_SS_to_PP,crossed_distractor_patch,31,False,0.10004006410256411,0.08938251201923077,0.11164012419871795,0.08233840811965812,0.0774105235042735,0.0872863247863248,390
qwen25_3b,crossed_dist_SS_to_PP,crossed_distractor_patch,32,False,0.09985977564102565,0.08928235176282051,0.11141927083333333,0.03705261752136752,0.03414797008547008,0.039957598824786326,390
qwen25_3b,crossed_dist_SS_to_PP,crossed_distractor_patch,33,False,0.09745592948717949,0.08673778044871795,0.10889573317307692,0.06951121794871795,0.06580478766025641,0.07310396634615383,390
qwen25_3b,crossed_dist_SS_to_PP,crossed_distractor_patch,34,False,0.09030448717948718,0.08074869791666667,0.10058193108974359,0.0461872329059829,0.04330245058760684,0.04889172676282052,390
qwen25_3b,crossed_dist_SS_to_PP,crossed_distractor_patch,35,False,0.0,0.0,0.0,0.0,0.0,0.0,390
qwen25_3b,dist_pl_to_sg,distractor_patch,0,True,1.5561298076923078,1.4905303485576922,1.6170512820512821,1.1024305555555554,1.0451954794337606,1.160765892094017,390
qwen25_3b,dist_pl_to_sg,distractor_patch,1,False,1.5532652243589744,1.4911959134615385,1.6124053485576921,3.6881777510683764,3.610574502537393,3.769290948851496,390
qwen25_3b,dist_pl_to_sg,distractor_patch,2,False,1.509415064102564,1.4477073317307694,1.5672095352564104,1.0263221153846154,0.9726422275641025,1.0836408253205128,390
qwen25_3b,dist_pl_to_sg,distractor_patch,3,False,1.5173677884615384,1.4551842948717948,1.5751622596153847,0.8461471688034189,0.7929627403846153,0.901108607104701,390
qwen25_3b,dist_pl_to_sg,distractor_patch,4,False,1.4747395833333334,1.4110576923076923,1.531834435096154,0.5387686965811966,0.4984421741452991,0.578306623931624,390
qwen25_3b,dist_pl_to_sg,distractor_patch,5,False,1.4735977564102565,1.4105889423076923,1.5310101161858973,0.6319310897435897,0.5828161725427351,0.6856101428952991,390
qwen25_3b,dist_pl_to_sg,distractor_patch,6,False,1.4615985576923076,1.3993354366987178,1.5197330729166667,0.8948918269230769,0.8422180488782052,0.9525861378205126,390
qwen25_3b,dist_pl_to_sg,distractor_patch,7,False,1.1235977564102564,1.064979467147436,1.1781285056089745,0.7405582264957266,0.6933391760149572,0.788861845619658,390
qwen25_3b,dist_pl_to_sg,distractor_patch,8,False,1.1060296474358975,1.0474123597756408,1.160078125,1.053505608974359,0.993746828258547,1.116192407852564,390
qwen25_3b,dist_pl_to_sg,distractor_patch,9,False,1.100040064102564,1.040603966346154,1.1538736979166666,0.5021033653846154,0.46419170673076926,0.5410194644764957,390
qwen25_3b,dist_pl_to_sg,distractor_patch,10,False,1.0823717948717948,1.0243349358974358,1.136580028044872,0.706744123931624,0.6631685697115385,0.7533670539529914,390
qwen25_3b,dist_pl_to_sg,distractor_patch,11,False,1.0863782051282052,1.0302504006410258,1.1374829727564102,0.8260817307692307,0.7779039797008547,0.8733313301282052,390
qwen25_3b,dist_pl_to_sg,distractor_patch,12,False,1.076943108974359,1.0221704727564103,1.1273672876602565,0.9706997863247864,0.9227652577457265,1.0209408386752137,390
qwen25_3b,dist_pl_to_sg,distractor_patch,13,False,0.8304286858974359,0.7777213541666667,0.8778275240384615,0.9856637286324786,0.9317426215277779,1.044024105235043,390
qwen25_3b,dist_pl_to_sg,distractor_patch,14,False,0.8049278846153847,0.753525140224359,0.8530453725961538,1.1383279914529914,1.0907461939102565,1.1892232572115384,390
qwen25_3b,dist_pl_to_sg,distractor_patch,15,False,0.5965344551282051,0.5479286858974359,0.6433944310897435,0.4727630876068376,0.43994123931623935,0.5071681356837606,390
qwen25_3b,dist_pl_to_sg,distractor_patch,16,False,0.326963141025641,0.29028395432692305,0.36192107371794874,1.6039930555555557,1.5549257144764959,1.6562540064102564,390
qwen25_3b,dist_pl_to_sg,distractor_patch,17,False,0.3246794871794872,0.2891806891025641,0.3583558693910256,0.6612045940170941,0.6196307425213675,0.7042496327457265,390
qwen25_3b,dist_pl_to_sg,distractor_patch,18,False,0.3070713141025641,0.2733368389423077,0.3394696514423076,0.6167067307692309,0.5828789396367522,0.652854233440171,390
qwen25_3b,dist_pl_to_sg,distractor_patch,19,False,0.3006410256410256,0.26720753205128206,0.33243639823717946,0.6784922542735043,0.6434276509081197,0.7149118589743589,390
qwen25_3b,dist_pl_to_sg,distractor_patch,20,False,0.2996995192307692,0.26870643028846153,0.3281465344551282,0.8998130341880342,0.8654869457799145,0.9391503071581195,390
qwen25_3b,dist_pl_to_sg,distractor_patch,21,False,0.31750801282051283,0.2864317908653846,0.3455929487179487,0.9431557158119659,0.9082388488247862,0.9795083800747864,390
qwen25_3b,dist_pl_to_sg,distractor_patch,22,False,0.3301282051282051,0.2991746794871795,0.357734375,0.8067908653846154,0.7729383680555554,0.8403532318376068,390
qwen25_3b,dist_pl_to_sg,distractor_patch,23,False,0.3115584935897436,0.2814903846153846,0.33868539663461533,0.1932091346153846,0.17803786057692308,0.20902443910256405,390
qwen25_3b,dist_pl_to_sg,distractor_patch,24,False,0.19395032051282052,0.1671639623397436,0.21859024439102565,0.19865117521367523,0.18380692441239316,0.21505775908119656,390
qwen25_3b,dist_pl_to_sg,distractor_patch,25,False,0.14567307692307693,0.12459685496794871,0.1655058092948718,0.12570779914529914,0.11590511485042736,0.13622579460470086,390
qwen25_3b,dist_pl_to_sg,distractor_patch,26,False,0.09997996794871795,0.08373397435897435,0.11574569310897437,0.4063167735042735,0.39203809428418795,0.42102781116452986,390
qwen25_3b,dist_pl_to_sg,distractor_patch,27,False,0.10917467948717949,0.0954316907051282,0.12353816105769232,0.08526308760683762,0.07797809829059829,0.09251552483974361,390
qwen25_3b,dist_pl_to_sg,distractor_patch,28,False,0.11674679487179487,0.10428635817307692,0.1294471153846154,0.2822315705128205,0.2717210870726496,0.29335052751068375,390
qwen25_3b,dist_pl_to_sg,distractor_patch,29,False,0.1240584935897436,0.11197916666666667,0.1359375,0.11004273504273505,0.10267010550213675,0.11764306223290596,390
qwen25_3b,dist_pl_to_sg,distractor_patch,30,False,0.014923878205128206,0.005928986378205128,0.02325921474358973,0.15711805555555558,0.1488302951388889,0.16552550747863248,390
qwen25_3b,dist_pl_to_sg,distractor_patch,31,False,-0.021153846153846155,-0.025944010416666666,-0.01664513221153847,0.14224759615384616,0.13649839743589742,0.1480306824252137,390
qwen25_3b,dist_pl_to_sg,distractor_patch,32,False,-0.021854967948717947,-0.026643129006410256,-0.01730719150641026,0.06404246794871794,0.05987546741452992,0.06847723023504272,390
qwen25_3b,dist_pl_to_sg,distractor_patch,33,False,-0.023697916666666666,-0.028565705128205127,-0.019070012019230774,0.03611778846153846,0.03360026041666667,0.038601762820512815,390
qwen25_3b,dist_pl_to_sg,distractor_patch,34,False,-0.02251602564102564,-0.02716396233974359,-0.01824869791666667,0.03490918803418804,0.031596888354700856,0.038154714209401704,390
qwen25_3b,dist_pl_to_sg,distractor_patch,35,False,0.0,0.0,0.0,0.0,0.0,0.0,390
qwen25_3b,dist_sg_to_pl,distractor_patch,0,True,3.690224358974359,3.5692653245192307,3.801623096955128,3.099051816239317,2.9875988247863243,3.200652210202991,390
qwen25_3b,dist_sg_to_pl,distractor_patch,1,False,3.6821514423076924,3.564279346955128,3.7960041065705123,1.2513087606837607,1.175189720219017,1.3265137553418802,390
qwen25_3b,dist_sg_to_pl,distractor_patch,2,False,3.6063902243589743,3.491658653846154,3.719298377403846,3.3325921474358973,3.2192689970619655,3.4429851095085473,390
qwen25_3b,dist_sg_to_pl,distractor_patch,3,False,3.5987580128205128,3.481546474358974,3.7113812099358974,2.1655048076923076,2.060529013087607,2.266308927617522,390
qwen25_3b,dist_sg_to_pl,distractor_patch,4,False,3.500300480769231,3.383183092948718,3.611269030448718,3.4571915064102563,3.352904647435898,3.556592548076923,390
qwen25_3b,dist_sg_to_pl,distractor_patch,5,False,3.5025440705128204,3.385066105769231,3.6135606971153846,3.288234508547008,3.1802690972222227,3.3865376268696585,390
qwen25_3b,dist_sg_to_pl,distractor_patch,6,False,3.4630408653846154,3.3467332732371795,3.5731770833333334,3.363782051282051,3.2589409722222227,3.461955962873932,390
qwen25_3b,dist_sg_to_pl,distractor_patch,7,False,2.8021634615384614,2.702242087339744,2.900802283653846,2.4038394764957265,2.2976347155448718,2.5039544938568374,390
qwen25_3b,dist_sg_to_pl,distractor_patch,8,False,2.771854967948718,2.6720748197115385,2.871904046474359,2.391940438034188,2.277315872061966,2.5078904580662393,390
qwen25_3b,dist_sg_to_pl,distractor_patch,9,False,2.77353766025641,2.6744981971153847,2.8747430889423073,2.6978565705128204,2.5949689503205127,2.798916933760684,390
qwen25_3b,dist_sg_to_pl,distractor_patch,10,False,2.742227564102564,2.64443108974359,2.8413691907051284,1.9863982371794873,1.8842332732371794,2.0884294871794875,390
qwen25_3b,dist_sg_to_pl,distractor_patch,11,False,2.6663261217948717,2.570233874198718,2.7626397235576925,1.3740117521367519,1.2869350961538462,1.4618327657585468,390
qwen25_3b,dist_sg_to_pl,distractor_patch,12,False,2.6427483974358976,2.5453074919871796,2.7410281450320513,1.3991185897435898,1.3163563368055553,1.4850151909722222,390
qwen25_3b,dist_sg_to_pl,distractor_patch,13,False,1.9610576923076923,1.8693990384615384,2.050000500801282,1.4057825854700852,1.330386785523504,1.483537827190171,390
qwen25_3b,dist_sg_to_pl,distractor_patch,14,False,1.895272435897436,1.8028901241987179,1.983428986378205,0.6572115384615385,0.6037660256410255,0.712955562232906,390
qwen25_3b,dist_sg_to_pl,distractor_patch,15,False,1.2311899038461538,1.1584084535256411,1.3033799078525639,0.6520365918803418,0.5999909855769231,0.7086628605769231,390
qwen25_3b,dist_sg_to_pl,distractor_patch,16,False,0.6537660256410256,0.6047420873397436,0.7034114583333333,0.485690438034188,0.4456395232371794,0.5313529981303418,390
qwen25_3b,dist_sg_to_pl,distractor_patch,17,False,0.6458333333333334,0.5987059294871795,0.6946724759615385,0.47483306623931626,0.4365902110042735,0.5129557291666668,390
qwen25_3b,dist_sg_to_pl,distractor_patch,18,False,0.6359375,0.5913126001602563,0.6813912259615384,0.40962873931623933,0.3770739850427351,0.44552717681623927,390
qwen25_3b,dist_sg_to_pl,distractor_patch,19,False,0.6421274038461539,0.59939453125,0.6849178685897436,0.600894764957265,0.557430388621795,0.6459031116452991,390
qwen25_3b,dist_sg_to_pl,distractor_patch,20,False,0.5839543269230769,0.5443434495192307,0.6224764623397435,0.47118055555555555,0.43024005074786326,0.5127600827991453,390
qwen25_3b,dist_sg_to_pl,distractor_patch,21,False,0.5826322115384616,0.5446489383012821,0.6223467548076923,0.3859041132478632,0.35442374465811965,0.4205944511217949,390
qwen25_3b,dist_sg_to_pl,distractor_patch,22,False,0.59609375,0.5580128205128205,0.6358378405448717,0.376849626068376,0.34660223023504266,0.4111646968482906,390
qwen25_3b,dist_sg_to_pl,distractor_patch,23,False,0.6285056089743589,0.5934019431089743,0.6660496794871795,0.31427617521367524,0.2843948651175213,0.3455946180555555,390
qwen25_3b,dist_sg_to_pl,distractor_patch,24,False,0.48509615384615384,0.45364583333333336,0.5198968349358973,0.2524639423076923,0.22744307558760685,0.27996895032051283,390
qwen25_3b,dist_sg_to_pl,distractor_patch,25,False,0.4788661858974359,0.45064953926282053,0.5091621594551282,0.20190304487179486,0.17876819577991454,0.225953859508547,390
qwen25_3b,dist_sg_to_pl,distractor_patch,26,False,0.35610977564102564,0.3341711738782051,0.37992988782051285,0.2494123931623932,0.2301004941239316,0.26966229300213673,390
qwen25_3b,dist_sg_to_pl,distractor_patch,27,False,0.31660657051282054,0.2968870192307692,0.3382832532051282,0.16932425213675212,0.1529156650641026,0.18649939903846155,390
qwen25_3b,dist_sg_to_pl,distractor_patch,28,False,0.31704727564102564,0.2978751001602564,0.33720202323717946,0.19352297008547006,0.17631527110042736,0.21044337606837604,390
qwen25_3b,dist_sg_to_pl,distractor_patch,29,False,0.2709735576923077,0.25298427483974356,0.2898467548076923,0.1261284722222222,0.11275223691239317,0.14093967013888886,390
qwen25_3b,dist_sg_to_pl,distractor_patch,30,False,0.04923878205128205,0.04194711538461538,0.05665164262820512,0.0569644764957265,0.051635783920940176,0.06232154780982905,390
qwen25_3b,dist_sg_to_pl,distractor_patch,31,False,0.012099358974358975,0.008854166666666666,0.015224358974358974,0.05126201923076923,0.04757595486111111,0.05506844284188034,390
qwen25_3b,dist_sg_to_pl,distractor_patch,32,False,0.009715544871794872,0.006549479166666667,0.01286107772435897,0.04971287393162393,0.04692791800213676,0.052517694978632484,390
qwen25_3b,dist_sg_to_pl,distractor_patch,33,False,0.009334935897435897,0.006209435096153845,0.012420372596153842,0.024078525641025642,0.021848290598290594,0.02663595085470085,390
qwen25_3b,dist_sg_to_pl,distractor_patch,34,False,0.006991185897435898,0.003705428685897436,0.010416666666666666,0.020799946581196584,0.01878989716880342,0.02315738514957265,390
qwen25_3b,dist_sg_to_pl,distractor_patch,35,False,0.0,0.0,0.0,0.0,0.0,0.0,390
qwen25_3b,same_num_SP_to_PS_dist,same_number_control,0,True,1.5509615384615385,1.4857261618589743,1.611701221955128,1.1024305555555554,1.0451954794337606,1.160765892094017,390
qwen25_3b,same_num_SP_to_PS_dist,same_number_control,1,False,1.5416466346153845,1.4786002604166666,1.6006515424679488,3.6881777510683764,3.610574502537393,3.769290948851496,390
qwen25_3b,same_num_SP_to_PS_dist,same_number_control,2,False,1.4875,1.423846654647436,1.5469421073717948,1.0263221153846154,0.9726422275641025,1.0836408253205128,390
qwen25_3b,same_num_SP_to_PS_dist,same_number_control,3,False,1.4698116987179488,1.4048953325320512,1.5307496995192307,0.8461471688034189,0.7929627403846153,0.901108607104701,390
qwen25_3b,same_num_SP_to_PS_dist,same_number_control,4,False,1.4268629807692308,1.3621349158653846,1.4869871794871796,0.5387686965811966,0.4984421741452991,0.578306623931624,390
qwen25_3b,same_num_SP_to_PS_dist,same_number_control,5,False,1.4290264423076924,1.3645382612179489,1.488624298878205,0.6319310897435897,0.5828161725427351,0.6856101428952991,390
qwen25_3b,same_num_SP_to_PS_dist,same_number_control,6,False,1.401602564102564,1.3352273637820513,1.4613992387820511,0.8948918269230769,0.8422180488782052,0.9525861378205126,390
qwen25_3b,same_num_SP_to_PS_dist,same_number_control,7,False,1.0732772435897435,1.0129151642628205,1.1283473557692307,0.7405582264957266,0.6933391760149572,0.788861845619658,390
qwen25_3b,same_num_SP_to_PS_dist,same_number_control,8,False,1.041025641025641,0.9803380408653846,1.09671875,1.053505608974359,0.993746828258547,1.116192407852564,390
qwen25_3b,same_num_SP_to_PS_dist,same_number_control,9,False,0.9701322115384615,0.9070102163461539,1.02740234375,0.5021033653846154,0.46419170673076926,0.5410194644764957,390
qwen25_3b,same_num_SP_to_PS_dist,same_number_control,10,False,0.9450721153846153,0.8827498998397436,1.0006876001602565,0.706744123931624,0.6631685697115385,0.7533670539529914,390
qwen25_3b,same_num_SP_to_PS_dist,same_number_control,11,False,0.9392227564102564,0.8799659455128205,0.9925485777243589,0.8260817307692307,0.7779039797008547,0.8733313301282052,390
qwen25_3b,same_num_SP_to_PS_dist,same_number_control,12,False,0.9152844551282051,0.8566045673076923,0.9689673477564101,0.9706997863247864,0.9227652577457265,1.0209408386752137,390
qwen25_3b,same_num_SP_to_PS_dist,same_number_control,13,False,0.6647636217948718,0.610684595352564,0.7144641426282051,0.9856637286324786,0.9317426215277779,1.044024105235043,390
qwen25_3b,same_num_SP_to_PS_dist,same_number_control,14,False,0.6123798076923077,0.5586873998397436,0.6622811498397435,1.1383279914529914,1.0907461939102565,1.1892232572115384,390
qwen25_3b,same_num_SP_to_PS_dist,same_number_control,15,False,0.40412660256410254,0.3533363381410256,0.45178285256410255,0.4727630876068376,0.43994123931623935,0.5071681356837606,390
qwen25_3b,same_num_SP_to_PS_dist,same_number_control,16,False,0.0391025641025641,-0.0007496995192307687,0.07771684695512814,1.6039930555555557,1.5549257144764959,1.6562540064102564,390
qwen25_3b,same_num_SP_to_PS_dist,same_number_control,17,False,0.015905448717948717,-0.02141426282051282,0.05214593349358973,0.6612045940170941,0.6196307425213675,0.7042496327457265,390
qwen25_3b,same_num_SP_to_PS_dist,same_number_control,18,False,0.0010416666666666667,-0.03300030048076923,0.03369591346153845,0.6167067307692309,0.5828789396367522,0.652854233440171,390
qwen25_3b,same_num_SP_to_PS_dist,same_number_control,19,False,-0.012740384615384615,-0.04682091346153846,0.019400540865384563,0.6784922542735043,0.6434276509081197,0.7149118589743589,390
qwen25_3b,same_num_SP_to_PS_dist,same_number_control,20,False,-0.03062900641025641,-0.06057842548076923,-0.0010566907051282324,0.8998130341880342,0.8654869457799145,0.9391503071581195,390
qwen25_3b,same_num_SP_to_PS_dist,same_number_control,21,False,-0.0140625,-0.04425731169871795,0.014824218749999996,0.9431557158119659,0.9082388488247862,0.9795083800747864,390
qwen25_3b,same_num_SP_to_PS_dist,same_number_control,22,False,-0.003425480769230769,-0.032758914262820515,0.02492187499999999,0.8067908653846154,0.7729383680555554,0.8403532318376068,390
qwen25_3b,same_num_SP_to_PS_dist,same_number_control,23,False,-0.03938301282051282,-0.06857071314102564,-0.01079076522435901,0.1932091346153846,0.17803786057692308,0.20902443910256405,390
qwen25_3b,same_num_SP_to_PS_dist,same_number_control,24,False,-0.1427684294871795,-0.1696113782051282,-0.11651792868589748,0.19865117521367523,0.18380692441239316,0.21505775908119656,390
qwen25_3b,same_num_SP_to_PS_dist,same_number_control,25,False,-0.03499599358974359,-0.05496945112179487,-0.01574469150641026,0.12570779914529914,0.11590511485042736,0.13622579460470086,390
qwen25_3b,same_num_SP_to_PS_dist,same_number_control,26,False,-0.14076522435897437,-0.15743389423076923,-0.12453725961538463,0.4063167735042735,0.39203809428418795,0.42102781116452986,390
qwen25_3b,same_num_SP_to_PS_dist,same_number_control,27,False,-0.10953525641025641,-0.12263621794871794,-0.09621294070512822,0.08526308760683762,0.07797809829059829,0.09251552483974361,390
qwen25_3b,same_num_SP_to_PS_dist,same_number_control,28,False,-0.07321714743589744,-0.08547726362179488,-0.060653545673076945,0.2822315705128205,0.2717210870726496,0.29335052751068375,390
qwen25_3b,same_num_SP_to_PS_dist,same_number_control,29,False,-0.20130208333333333,-0.21822966746794872,-0.1858173076923077,0.11004273504273505,0.10267010550213675,0.11764306223290596,390
qwen25_3b,same_num_SP_to_PS_dist,same_number_control,30,False,-0.6051081730769231,-0.6307291666666667,-0.5816882011217949,0.15711805555555558,0.1488302951388889,0.16552550747863248,390
qwen25_3b,same_num_SP_to_PS_dist,same_number_control,31,False,-0.21712740384615384,-0.2285466746794872,-0.2064698517628205,0.14224759615384616,0.13649839743589742,0.1480306824252137,390
qwen25_3b,same_num_SP_to_PS_dist,same_number_control,32,False,-0.21602564102564104,-0.22754457131410258,-0.20546875,0.06404246794871794,0.05987546741452992,0.06847723023504272,390
qwen25_3b,same_num_SP_to_PS_dist,same_number_control,33,False,-0.21923076923076923,-0.23070963541666667,-0.20845052083333335,0.03611778846153846,0.03360026041666667,0.038601762820512815,390
qwen25_3b,same_num_SP_to_PS_dist,same_number_control,34,False,-0.20346554487179488,-0.21424328926282052,-0.19316856971153845,0.03490918803418804,0.031596888354700856,0.038154714209401704,390
qwen25_3b,same_num_SP_to_PS_dist,same_number_control,35,False,0.0,0.0,0.0,0.0,0.0,0.0,390
qwen25_3b,same_num_SS_to_PP_subj,same_number_control,0,True,7.365865384615384,7.183334835737179,7.541091746794872,4.268516292735043,4.124790498130342,4.407418703258547,390
qwen25_3b,same_num_SS_to_PP_subj,same_number_control,1,False,6.865825320512821,6.667520532852564,7.057554086538461,6.321067040598289,6.244188910590278,6.400383572048612,390
qwen25_3b,same_num_SS_to_PP_subj,same_number_control,2,False,6.073397435897436,5.882167467948718,6.2605453725961535,3.404500534188034,3.261933760683761,3.541996360844017,390
qwen25_3b,same_num_SS_to_PP_subj,same_number_control,3,False,6.0676682692307695,5.878211638621795,6.252992287660256,4.151435630341881,4.043009982638889,4.257191005608974,390
qwen25_3b,same_num_SS_to_PP_subj,same_number_control,4,False,5.628064903846154,5.4617913661858974,5.789955428685897,3.4104634081196576,3.312035423344017,3.506310763888889,390
qwen25_3b,same_num_SS_to_PP_subj,same_number_control,5,False,5.612560096153846,5.45029296875,5.772741887019231,3.817661591880342,3.70978515625,3.920115518162393,390
qwen25_3b,same_num_SS_to_PP_subj,same_number_control,6,False,5.6039863782051285,5.438457532051283,5.766947616185898,2.796020299145299,2.7038877203525646,2.887624031784188,390
qwen25_3b,same_num_SS_to_PP_subj,same_number_control,7,False,4.524739583333333,4.385763221153846,4.65453125,2.295052083333333,2.2051335470085474,2.38671390892094,390
qwen25_3b,same_num_SS_to_PP_subj,same_number_control,8,False,4.511879006410257,4.3728069911858976,4.64214593349359,3.2645499465811962,3.1884615384615382,3.3450921474358974,390
qwen25_3b,same_num_SS_to_PP_subj,same_number_control,9,False,4.493289262820513,4.352794971955128,4.623558193108974,1.8932158119658122,1.8102271968482908,1.976953625801282,390
qwen25_3b,same_num_SS_to_PP_subj,same_number_control,10,False,4.488922275641026,4.347227564102564,4.619693008814102,2.291286057692308,2.207520198985043,2.3738322983440168,390
qwen25_3b,same_num_SS_to_PP_subj,same_number_control,11,False,4.466446314102564,4.3259375,4.597356270032051,1.822596153846154,1.750974392361111,1.8922806490384616,390
qwen25_3b,same_num_SS_to_PP_subj,same_number_control,12,False,4.468870192307692,4.328160556891026,4.598982371794872,1.8375467414529916,1.756577857905983,1.9191074051816241,390
qwen25_3b,same_num_SS_to_PP_subj,same_number_control,13,False,4.44589342948718,4.307471454326923,4.5766982171474355,2.655482104700855,2.566065705128205,2.7498270566239316,390
qwen25_3b,same_num_SS_to_PP_subj,same_number_control,14,False,4.434975961538462,4.294947415865384,4.564666466346154,1.5422475961538462,1.4811533453525643,1.6040574919871795,390
qwen25_3b,same_num_SS_to_PP_subj,same_number_control,15,False,4.420833333333333,4.28320562900641,4.551765324519231,1.8179821047008549,1.726578859508547,1.9043739983974355,390
qwen25_3b,same_num_SS_to_PP_subj,same_number_control,16,False,4.458173076923077,4.320441706730769,4.588988381410257,2.308847489316239,2.2334398370726496,2.3830176615918806,390
qwen25_3b,same_num_SS_to_PP_subj,same_number_control,17,False,4.47948717948718,4.342547075320513,4.609787159455129,1.778886217948718,1.697953892895299,1.8587444911858975,390
qwen25_3b,same_num_SS_to_PP_subj,same_number_control,18,False,4.557271634615384,4.420051081730769,4.687163962339743,1.7838341346153845,1.6958074586004275,1.8690089142628206,390
qwen25_3b,same_num_SS_to_PP_subj,same_number_control,19,False,4.5574719551282055,4.422418369391026,4.6868048878205135,2.2932158119658124,2.211563167735043,2.3747906650641024,390
qwen25_3b,same_num_SS_to_PP_subj,same_number_control,20,False,4.538561698717949,4.403364883814103,4.668713942307692,2.477817841880342,2.4126908052884617,2.5461291399572645,390
qwen25_3b,same_num_SS_to_PP_subj,same_number_control,21,False,4.555188301282051,4.419989483173077,4.6839903846153845,2.0908453525641026,2.019257311698718,2.1629952924679485,390
qwen25_3b,same_num_SS_to_PP_subj,same_number_control,22,False,4.61396233974359,4.481400240384616,4.739949419070513,2.4428552350427353,2.367598323985043,2.5166072382478637,390
qwen25_3b,same_num_SS_to_PP_subj,same_number_control,23,False,4.718709935897436,4.587689302884615,4.8414518229166665,1.7351963141025641,1.6566000600961541,1.8118245860042734,390
qwen25_3b,same_num_SS_to_PP_subj,same_number_control,24,False,4.705168269230769,4.577249599358974,4.828973357371795,1.8802216880341878,1.7999706196581193,1.9600637686965814,390
qwen25_3b,same_num_SS_to_PP_subj,same_number_control,25,False,4.642167467948718,4.512005208333333,4.7681375200320515,1.391352831196581,1.3219175681089743,1.4565765224358977,390
qwen25_3b,same_num_SS_to_PP_subj,same_number_control,26,False,4.276782852564103,4.149931891025641,4.401053185096154,1.3596020299145297,1.2957171474358973,1.4216264356303419,390
qwen25_3b,same_num_SS_to_PP_subj,same_number_control,27,False,4.258874198717948,4.132952223557692,4.383881710737179,1.023364049145299,0.9571854967948717,1.0903804420405983,390
qwen25_3b,same_num_SS_to_PP_subj,same_number_control,28,False,4.328485576923077,4.203997896634615,4.452688301282051,1.303525641025641,1.240970219017094,1.363695245726496,390
qwen25_3b,same_num_SS_to_PP_subj,same_number_control,29,False,3.996554487179487,3.882442908653846,4.110424178685897,0.961144497863248,0.9075585937499999,1.0145651375534188,390
qwen25_3b,same_num_SS_to_PP_subj,same_number_control,30,False,0.5216947115384616,0.501493389423077,0.5419476161858974,0.21103766025641027,0.20181607238247862,0.2209940905448718,390
qwen25_3b,same_num_SS_to_PP_subj,same_number_control,31,False,0.30705128205128207,0.29354867788461536,0.3214773637820513,0.2207465277777778,0.21314736912393162,0.22956981169871793,390
qwen25_3b,same_num_SS_to_PP_subj,same_number_control,32,False,0.305849358974359,0.29228766025641023,0.3203745993589744,0.16848290598290597,0.1605635683760684,0.17751752804487178,390
qwen25_3b,same_num_SS_to_PP_subj,same_number_control,33,False,0.30464743589743587,0.2909229767628205,0.31939152644230767,0.0841746794871795,0.07817073985042736,0.0909662126068376,390
qwen25_3b,same_num_SS_to_PP_subj,same_number_control,34,False,0.3071915064102564,0.2937284655448718,0.32127704326923073,0.101428952991453,0.09509047809829059,0.10848774706196582,390
qwen25_3b,same_num_SS_to_PP_subj,same_number_control,35,False,0.0,0.0,0.0,0.0,0.0,0.0,390
qwen25_3b,self_patch_SP,self_patch,0,True,0.0,0.0,0.0,3.099051816239317,2.9875988247863243,3.200652210202991,390
qwen25_3b,self_patch_SP,self_patch,1,False,0.0,0.0,0.0,1.2513087606837607,1.175189720219017,1.3265137553418802,390
qwen25_3b,self_patch_SP,self_patch,2,False,0.0,0.0,0.0,3.3325921474358973,3.2192689970619655,3.4429851095085473,390
qwen25_3b,self_patch_SP,self_patch,3,False,0.0,0.0,0.0,2.1655048076923076,2.060529013087607,2.266308927617522,390
qwen25_3b,self_patch_SP,self_patch,4,False,0.0,0.0,0.0,3.4571915064102563,3.352904647435898,3.556592548076923,390
qwen25_3b,self_patch_SP,self_patch,5,False,0.0,0.0,0.0,3.288234508547008,3.1802690972222227,3.3865376268696585,390
qwen25_3b,self_patch_SP,self_patch,6,False,0.0,0.0,0.0,3.363782051282051,3.2589409722222227,3.461955962873932,390
qwen25_3b,self_patch_SP,self_patch,7,False,0.0,0.0,0.0,2.4038394764957265,2.2976347155448718,2.5039544938568374,390
qwen25_3b,self_patch_SP,self_patch,8,False,0.0,0.0,0.0,2.391940438034188,2.277315872061966,2.5078904580662393,390
qwen25_3b,self_patch_SP,self_patch,9,False,0.0,0.0,0.0,2.6978565705128204,2.5949689503205127,2.798916933760684,390
qwen25_3b,self_patch_SP,self_patch,10,False,0.0,0.0,0.0,1.9863982371794873,1.8842332732371794,2.0884294871794875,390
qwen25_3b,self_patch_SP,self_patch,11,False,0.0,0.0,0.0,1.3740117521367519,1.2869350961538462,1.4618327657585468,390
qwen25_3b,self_patch_SP,self_patch,12,False,0.0,0.0,0.0,1.3991185897435898,1.3163563368055553,1.4850151909722222,390
qwen25_3b,self_patch_SP,self_patch,13,False,0.0,0.0,0.0,1.4057825854700852,1.330386785523504,1.483537827190171,390
qwen25_3b,self_patch_SP,self_patch,14,False,0.0,0.0,0.0,0.6572115384615385,0.6037660256410255,0.712955562232906,390
qwen25_3b,self_patch_SP,self_patch,15,False,0.0,0.0,0.0,0.6520365918803418,0.5999909855769231,0.7086628605769231,390
qwen25_3b,self_patch_SP,self_patch,16,False,0.0,0.0,0.0,0.485690438034188,0.4456395232371794,0.5313529981303418,390
qwen25_3b,self_patch_SP,self_patch,17,False,0.0,0.0,0.0,0.47483306623931626,0.4365902110042735,0.5129557291666668,390
qwen25_3b,self_patch_SP,self_patch,18,False,0.0,0.0,0.0,0.40962873931623933,0.3770739850427351,0.44552717681623927,390
qwen25_3b,self_patch_SP,self_patch,19,False,0.0,0.0,0.0,0.600894764957265,0.557430388621795,0.6459031116452991,390
qwen25_3b,self_patch_SP,self_patch,20,False,0.0,0.0,0.0,0.47118055555555555,0.43024005074786326,0.5127600827991453,390
qwen25_3b,self_patch_SP,self_patch,21,False,0.0,0.0,0.0,0.3859041132478632,0.35442374465811965,0.4205944511217949,390
qwen25_3b,self_patch_SP,self_patch,22,False,0.0,0.0,0.0,0.376849626068376,0.34660223023504266,0.4111646968482906,390
qwen25_3b,self_patch_SP,self_patch,23,False,0.0,0.0,0.0,0.31427617521367524,0.2843948651175213,0.3455946180555555,390
qwen25_3b,self_patch_SP,self_patch,24,False,0.0,0.0,0.0,0.2524639423076923,0.22744307558760685,0.27996895032051283,390
qwen25_3b,self_patch_SP,self_patch,25,False,0.0,0.0,0.0,0.20190304487179486,0.17876819577991454,0.225953859508547,390
qwen25_3b,self_patch_SP,self_patch,26,False,0.0,0.0,0.0,0.2494123931623932,0.2301004941239316,0.26966229300213673,390
qwen25_3b,self_patch_SP,self_patch,27,False,0.0,0.0,0.0,0.16932425213675212,0.1529156650641026,0.18649939903846155,390
qwen25_3b,self_patch_SP,self_patch,28,False,0.0,0.0,0.0,0.19352297008547006,0.17631527110042736,0.21044337606837604,390
qwen25_3b,self_patch_SP,self_patch,29,False,0.0,0.0,0.0,0.1261284722222222,0.11275223691239317,0.14093967013888886,390
qwen25_3b,self_patch_SP,self_patch,30,False,0.0,0.0,0.0,0.0569644764957265,0.051635783920940176,0.06232154780982905,390
qwen25_3b,self_patch_SP,self_patch,31,False,0.0,0.0,0.0,0.05126201923076923,0.04757595486111111,0.05506844284188034,390
qwen25_3b,self_patch_SP,self_patch,32,False,0.0,0.0,0.0,0.04971287393162393,0.04692791800213676,0.052517694978632484,390
qwen25_3b,self_patch_SP,self_patch,33,False,0.0,0.0,0.0,0.024078525641025642,0.021848290598290594,0.02663595085470085,390
qwen25_3b,self_patch_SP,self_patch,34,False,0.0,0.0,0.0,0.020799946581196584,0.01878989716880342,0.02315738514957265,390
qwen25_3b,self_patch_SP,self_patch,35,False,0.0,0.0,0.0,0.0,0.0,0.0,390
qwen25_3b,self_patch_SS,self_patch,0,True,0.0,0.0,0.0,2.65478766025641,2.5616354500534184,2.7457224893162393,390
qwen25_3b,self_patch_SS,self_patch,1,False,0.0,0.0,0.0,3.8688317975427347,3.7598852747729694,3.974489516559829,390
qwen25_3b,self_patch_SS,self_patch,2,False,0.0,0.0,0.0,2.294197382478633,2.19760016025641,2.3888668536324786,390
qwen25_3b,self_patch_SS,self_patch,3,False,0.0,0.0,0.0,2.671474358974359,2.563406951121795,2.7715848691239318,390
qwen25_3b,self_patch_SS,self_patch,4,False,0.0,0.0,0.0,3.5794070512820513,3.4544254139957262,3.6933329994658117,390
qwen25_3b,self_patch_SS,self_patch,5,False,0.0,0.0,0.0,3.1919604700854705,3.084692841880342,3.2938940638354697,390
qwen25_3b,self_patch_SS,self_patch,6,False,0.0,0.0,0.0,2.1277978098290595,2.038033520299145,2.2194133947649575,390
qwen25_3b,self_patch_SS,self_patch,7,False,0.0,0.0,0.0,1.564730235042735,1.482349425747863,1.6483521968482904,390
qwen25_3b,self_patch_SS,self_patch,8,False,0.0,0.0,0.0,2.095833333333333,2.0009795673076924,2.183280582264957,390
qwen25_3b,self_patch_SS,self_patch,9,False,0.0,0.0,0.0,1.5275841346153847,1.455370426014957,1.6016230969551282,390
qwen25_3b,self_patch_SS,self_patch,10,False,0.0,0.0,0.0,1.5338942307692307,1.4633343349358976,1.6045965211004276,390
qwen25_3b,self_patch_SS,self_patch,11,False,0.0,0.0,0.0,1.5934161324786327,1.5290618322649574,1.6573472556089743,390
qwen25_3b,self_patch_SS,self_patch,12,False,0.0,0.0,0.0,1.4143563034188031,1.3533560363247865,1.4740316172542738,390
qwen25_3b,self_patch_SS,self_patch,13,False,0.0,0.0,0.0,1.8962740384615384,1.8171808226495725,1.9743484575320516,390
qwen25_3b,self_patch_SS,self_patch,14,False,0.0,0.0,0.0,1.939229433760684,1.8760389957264956,1.9996455996260685,390
qwen25_3b,self_patch_SS,self_patch,15,False,0.0,0.0,0.0,1.5179620726495724,1.44794921875,1.5857772435897435,390
qwen25_3b,self_patch_SS,self_patch,16,False,0.0,0.0,0.0,1.7660456730769232,1.7070696447649574,1.8248676215277777,390
qwen25_3b,self_patch_SS,self_patch,17,False,0.0,0.0,0.0,1.416065705128205,1.3529679153311966,1.4791883680555555,390
qwen25_3b,self_patch_SS,self_patch,18,False,0.0,0.0,0.0,1.3314903846153847,1.2736268028846154,1.388536658653846,390
qwen25_3b,self_patch_SS,self_patch,19,False,0.0,0.0,0.0,1.4104500534188036,1.3450757879273505,1.4752251936431624,390
qwen25_3b,self_patch_SS,self_patch,20,False,0.0,0.0,0.0,3.1785723824786323,3.0742858573717946,3.274453625801283,390
qwen25_3b,self_patch_SS,self_patch,21,False,0.0,0.0,0.0,2.1109107905982905,2.036643796741453,2.1805210002670945,390
qwen25_3b,self_patch_SS,self_patch,22,False,0.0,0.0,0.0,1.8759615384615385,1.806361344818376,1.9436914062500001,390
qwen25_3b,self_patch_SS,self_patch,23,False,0.0,0.0,0.0,2.138708600427351,2.073976862980769,2.2045789930555553,390
qwen25_3b,self_patch_SS,self_patch,24,False,0.0,0.0,0.0,1.378432158119658,1.3290645032051283,1.4281346821581198,390
qwen25_3b,self_patch_SS,self_patch,25,False,0.0,0.0,0.0,1.8102363782051283,1.7561688701923077,1.8628009815705127,390
qwen25_3b,self_patch_SS,self_patch,26,False,0.0,0.0,0.0,1.679540598290598,1.63161625267094,1.7262111044337605,390
qwen25_3b,self_patch_SS,self_patch,27,False,0.0,0.0,0.0,1.0313701923076923,0.9913247863247863,1.0708677216880342,390
qwen25_3b,self_patch_SS,self_patch,28,False,0.0,0.0,0.0,1.5412126068376066,1.4944386017628204,1.5846492721688032,390
qwen25_3b,self_patch_SS,self_patch,29,False,0.0,0.0,0.0,1.0242321047008547,0.9908425146901709,1.0586949118589744,390
qwen25_3b,self_patch_SS,self_patch,30,False,0.0,0.0,0.0,0.15819310897435898,0.1511010950854701,0.1651487379807692,390
qwen25_3b,self_patch_SS,self_patch,31,False,0.0,0.0,0.0,0.054079861111111106,0.05030031383547009,0.05785924145299145,390
qwen25_3b,self_patch_SS,self_patch,32,False,0.0,0.0,0.0,0.04073183760683761,0.037946881677350434,0.043396434294871784,390
qwen25_3b,self_patch_SS,self_patch,33,False,0.0,0.0,0.0,0.08606436965811967,0.08211121127136752,0.08991736778846153,390
qwen25_3b,self_patch_SS,self_patch,34,False,0.0,0.0,0.0,0.06533787393162394,0.06097706330128205,0.0696248998397436,390
qwen25_3b,self_patch_SS,self_patch,35,False,0.0,0.0,0.0,0.0,0.0,0.0,390
qwen25_3b,subj_pl_to_sg,subject_patch,0,True,10.314222756410256,10.159549278846153,10.468753004807693,2.65478766025641,2.5616354500534184,2.7457224893162393,390
qwen25_3b,subj_pl_to_sg,subject_patch,1,False,9.72666266025641,9.568906750801283,9.885544370993589,3.8688317975427347,3.7598852747729694,3.974489516559829,390
qwen25_3b,subj_pl_to_sg,subject_patch,2,False,9.157652243589743,9.008792067307692,9.306814903846153,2.294197382478633,2.19760016025641,2.3888668536324786,390
qwen25_3b,subj_pl_to_sg,subject_patch,3,False,9.156450320512821,9.007103365384616,9.305172776442308,2.671474358974359,2.563406951121795,2.7715848691239318,390
qwen25_3b,subj_pl_to_sg,subject_patch,4,False,8.8921875,8.751326121794872,9.036570512820512,3.5794070512820513,3.4544254139957262,3.6933329994658117,390
qwen25_3b,subj_pl_to_sg,subject_patch,5,False,8.834314903846154,8.695602463942308,8.975755208333334,3.1919604700854705,3.084692841880342,3.2938940638354697,390
qwen25_3b,subj_pl_to_sg,subject_patch,6,False,8.767628205128204,8.628020332532051,8.910620993589744,2.1277978098290595,2.038033520299145,2.2194133947649575,390
qwen25_3b,subj_pl_to_sg,subject_patch,7,False,8.190845352564102,8.059393028846154,8.320886919070514,1.564730235042735,1.482349425747863,1.6483521968482904,390
qwen25_3b,subj_pl_to_sg,subject_patch,8,False,8.18389423076923,8.050495793269231,8.314887820512821,2.095833333333333,2.0009795673076924,2.183280582264957,390
qwen25_3b,subj_pl_to_sg,subject_patch,9,False,8.153084935897436,8.020799278846155,8.283719951923077,1.5275841346153847,1.455370426014957,1.6016230969551282,390
qwen25_3b,subj_pl_to_sg,subject_patch,10,False,8.116065705128205,7.983482572115385,8.247337740384616,1.5338942307692307,1.4633343349358976,1.6045965211004276,390
qwen25_3b,subj_pl_to_sg,subject_patch,11,False,8.06308092948718,7.928575220352564,8.193155048076923,1.5934161324786327,1.5290618322649574,1.6573472556089743,390
qwen25_3b,subj_pl_to_sg,subject_patch,12,False,8.04413060897436,7.909129607371795,8.175361578525642,1.4143563034188031,1.3533560363247865,1.4740316172542738,390
qwen25_3b,subj_pl_to_sg,subject_patch,13,False,7.92598157051282,7.788020833333333,8.06240034054487,1.8962740384615384,1.8171808226495725,1.9743484575320516,390
qwen25_3b,subj_pl_to_sg,subject_patch,14,False,7.919170673076923,7.779044471153846,8.057836538461538,1.939229433760684,1.8760389957264956,1.9996455996260685,390
qwen25_3b,subj_pl_to_sg,subject_patch,15,False,7.791426282051282,7.646335136217949,7.93998046875,1.5179620726495724,1.44794921875,1.5857772435897435,390
qwen25_3b,subj_pl_to_sg,subject_patch,16,False,7.756209935897436,7.608340344551282,7.907296173878205,1.7660456730769232,1.7070696447649574,1.8248676215277777,390
qwen25_3b,subj_pl_to_sg,subject_patch,17,False,7.757692307692308,7.609548778044872,7.908878205128205,1.416065705128205,1.3529679153311966,1.4791883680555555,390
qwen25_3b,subj_pl_to_sg,subject_patch,18,False,7.717788461538461,7.566325120192308,7.870981069711538,1.3314903846153847,1.2736268028846154,1.388536658653846,390
qwen25_3b,subj_pl_to_sg,subject_patch,19,False,7.692107371794871,7.541235977564103,7.847550080128205,1.4104500534188036,1.3450757879273505,1.4752251936431624,390
qwen25_3b,subj_pl_to_sg,subject_patch,20,False,7.6969350961538465,7.543668369391026,7.851109775641025,3.1785723824786323,3.0742858573717946,3.274453625801283,390
qwen25_3b,subj_pl_to_sg,subject_patch,21,False,7.721875,7.568223157051282,7.877455929487179,2.1109107905982905,2.036643796741453,2.1805210002670945,390
qwen25_3b,subj_pl_to_sg,subject_patch,22,False,7.709855769230769,7.555247896634615,7.866007612179487,1.8759615384615385,1.806361344818376,1.9436914062500001,390
qwen25_3b,subj_pl_to_sg,subject_patch,23,False,7.6897035256410255,7.53507311698718,7.843626802884615,2.138708600427351,2.073976862980769,2.2045789930555553,390
qwen25_3b,subj_pl_to_sg,subject_patch,24,False,7.4869391025641026,7.328959835737179,7.6408278245192305,1.378432158119658,1.3290645032051283,1.4281346821581198,390
qwen25_3b,subj_pl_to_sg,subject_patch,25,False,7.413141025641026,7.255867888621794,7.566436798878205,1.8102363782051283,1.7561688701923077,1.8628009815705127,390
qwen25_3b,subj_pl_to_sg,subject_patch,26,False,6.780689102564103,6.633644330929488,6.924760116185897,1.679540598290598,1.63161625267094,1.7262111044337605,390
qwen25_3b,subj_pl_to_sg,subject_patch,27,False,6.754747596153846,6.6083007812500005,6.8977734375,1.0313701923076923,0.9913247863247863,1.0708677216880342,390
qwen25_3b,subj_pl_to_sg,subject_patch,28,False,6.655248397435898,6.5069070512820515,6.800330528846153,1.5412126068376066,1.4944386017628204,1.5846492721688032,390
qwen25_3b,subj_pl_to_sg,subject_patch,29,False,5.612940705128205,5.4899038461538465,5.734789162660257,1.0242321047008547,0.9908425146901709,1.0586949118589744,390
qwen25_3b,subj_pl_to_sg,subject_patch,30,False,0.8747395833333333,0.8460336538461538,0.9039538261217949,0.15819310897435898,0.1511010950854701,0.1651487379807692,390
qwen25_3b,subj_pl_to_sg,subject_patch,31,False,0.38377403846153846,0.36916766826923075,0.39873848157051284,0.054079861111111106,0.05030031383547009,0.05785924145299145,390
qwen25_3b,subj_pl_to_sg,subject_patch,32,False,0.3764423076923077,0.3618985376602564,0.3912870592948718,0.04073183760683761,0.037946881677350434,0.043396434294871784,390
qwen25_3b,subj_pl_to_sg,subject_patch,33,False,0.3763020833333333,0.36163661858974355,0.3910461738782051,0.08606436965811967,0.08211121127136752,0.08991736778846153,390
qwen25_3b,subj_pl_to_sg,subject_patch,34,False,0.37381810897435896,0.35969300881410254,0.3884835737179487,0.06533787393162394,0.06097706330128205,0.0696248998397436,390
qwen25_3b,subj_pl_to_sg,subject_patch,35,False,0.0,0.0,0.0,0.0,0.0,0.0,390
qwen25_3b,subj_sg_to_pl,subject_patch,0,True,9.033934294871795,8.810529346955128,9.25790014022436,4.420012019230769,4.236311431623931,4.599492688301282,390
qwen25_3b,subj_sg_to_pl,subject_patch,1,False,8.29208733974359,8.030871394230768,8.55136217948718,5.138701923076923,5.052827273637821,5.228772744724893,390
qwen25_3b,subj_sg_to_pl,subject_patch,2,False,7.109875801282051,6.847827023237179,7.365086137820513,3.2348490918803416,3.0784406717414527,3.3904510550213676,390
qwen25_3b,subj_sg_to_pl,subject_patch,3,False,7.103084935897436,6.840437700320513,7.35561047676282,3.792274305555556,3.651940271100427,3.9287703659188034,390
qwen25_3b,subj_sg_to_pl,subject_patch,4,False,6.432732371794872,6.214053986378205,6.652919170673077,3.0135283119658114,2.907245759882479,3.1182410189636753,390
qwen25_3b,subj_sg_to_pl,subject_patch,5,False,6.423597756410256,6.205599959935897,6.641107772435897,3.2391493055555554,3.134114583333334,3.350575086805556,390
qwen25_3b,subj_sg_to_pl,subject_patch,6,False,6.4200320512820515,6.1945903445512815,6.645111678685897,2.628872863247863,2.535519664797009,2.726289396367521,390
qwen25_3b,subj_sg_to_pl,subject_patch,7,False,4.876402243589744,4.734873297275641,5.0111448317307685,2.2135349893162393,2.1218000467414533,2.304310229700855,390
qwen25_3b,subj_sg_to_pl,subject_patch,8,False,4.857972756410256,4.7155533854166665,4.992277644230769,3.257946047008547,3.1674542601495723,3.349294037126068,390
qwen25_3b,subj_sg_to_pl,subject_patch,9,False,4.832291666666666,4.68943609775641,4.964128605769231,1.898076923076923,1.8128138354700856,1.9833151375534188,390
qwen25_3b,subj_sg_to_pl,subject_patch,10,False,4.816746794871795,4.673937299679487,4.950939503205128,2.0504139957264957,1.9657603832799144,2.13628171741453,390
qwen25_3b,subj_sg_to_pl,subject_patch,11,False,4.770472756410256,4.63232922676282,4.903851662660257,1.696287393162393,1.6215337873931623,1.7725923143696583,390
qwen25_3b,subj_sg_to_pl,subject_patch,12,False,4.768930288461538,4.630564903846154,4.901214943910256,1.6912059294871795,1.6063120993589746,1.7760491786858974,390
qwen25_3b,subj_sg_to_pl,subject_patch,13,False,4.735216346153846,4.602151442307693,4.863147035256411,2.245025373931624,2.151064202724359,2.3442840211004277,390
qwen25_3b,subj_sg_to_pl,subject_patch,14,False,4.724839743589744,4.589599358974359,4.853512620192308,1.4709134615384616,1.4020282451923078,1.5401146834935897,390
qwen25_3b,subj_sg_to_pl,subject_patch,15,False,4.700600961538462,4.569444611378206,4.827107371794871,1.8078258547008548,1.7119042134081195,1.900671908386752,390
qwen25_3b,subj_sg_to_pl,subject_patch,16,False,4.714583333333334,4.580923477564102,4.843543169070513,2.3235176282051286,2.2457313368055556,2.401912393162393,390
qwen25_3b,subj_sg_to_pl,subject_patch,17,False,4.739503205128205,4.605623497596154,4.865793770032051,1.8707198183760683,1.7878069911858974,1.9539740251068376,390
qwen25_3b,subj_sg_to_pl,subject_patch,18,False,4.825220352564102,4.6939022435897435,4.952665264423077,1.9794537927350428,1.8887686965811963,2.0676903044871793,390
qwen25_3b,subj_sg_to_pl,subject_patch,19,False,4.810316506410256,4.68309344951923,4.933919270833333,2.221854967948718,2.1385553552350425,2.3043893563034183,390
qwen25_3b,subj_sg_to_pl,subject_patch,20,False,4.789162660256411,4.663570713141026,4.913635817307693,2.7890625,2.716656316773504,2.868074752938034,390
qwen25_3b,subj_sg_to_pl,subject_patch,21,False,4.8136217948717945,4.689023938301282,4.937306189903846,2.488541666666667,2.415107338408119,2.565621160523504,390
qwen25_3b,subj_sg_to_pl,subject_patch,22,False,4.882391826923077,4.760120192307693,5.005358072916667,2.842922008547009,2.766507745726496,2.9198741319444443,390
qwen25_3b,subj_sg_to_pl,subject_patch,23,False,5.013942307692307,4.888098958333333,5.132263621794872,2.16897702991453,2.085665898771367,2.253012820512821,390
qwen25_3b,subj_sg_to_pl,subject_patch,24,False,4.942708333333333,4.819809695512821,5.05917718349359,2.4505608974358974,2.3704692508012823,2.530156750801282,390
qwen25_3b,subj_sg_to_pl,subject_patch,25,False,4.8759014423076925,4.757041766826924,4.99155298477564,2.0875734508547006,2.0117718349358977,2.162584969284188,390
qwen25_3b,subj_sg_to_pl,subject_patch,26,False,4.179987980769231,4.072733874198718,4.286681189903846,1.9196113782051283,1.850059094551282,1.9902504006410258,390
qwen25_3b,subj_sg_to_pl,subject_patch,27,False,4.139403044871795,4.035232872596154,4.243879707532051,1.6626068376068377,1.5830677417200856,1.7380014690170937,390
qwen25_3b,subj_sg_to_pl,subject_patch,28,False,4.18213141025641,4.078720953525641,4.285341045673077,1.8141092414529916,1.7431091412927353,1.883761685363248,390
qwen25_3b,subj_sg_to_pl,subject_patch,29,False,3.7334134615384613,3.6447220552884616,3.822964743589744,1.4836805555555554,1.4209600360576926,1.5459122930021365,390
qwen25_3b,subj_sg_to_pl,subject_patch,30,False,0.6824318910256411,0.65880859375,0.7060121193910256,0.2793736645299145,0.2677345419337607,0.29172726362179485,390
qwen25_3b,subj_sg_to_pl,subject_patch,31,False,0.37994791666666666,0.36444260817307694,0.3959605368589743,0.26390224358974357,0.2547941706730769,0.2739202724358975,390
qwen25_3b,subj_sg_to_pl,subject_patch,32,False,0.37896634615384617,0.3635611979166667,0.3953175080128205,0.2122729700854701,0.2024168669871795,0.2228505608974359,390
qwen25_3b,subj_sg_to_pl,subject_patch,33,False,0.3776041666666667,0.3620988581730769,0.3936748798076923,0.11758146367521369,0.10969517895299144,0.12585503472222223,390
qwen25_3b,subj_sg_to_pl,subject_patch,34,False,0.378125,0.36326121794871796,0.39385016025641023,0.13888221153846153,0.13064837072649574,0.1476779513888889,390
qwen25_3b,subj_sg_to_pl,subject_patch,35,False,0.0,0.0,0.0,0.0,0.0,0.0,390
