model_tag,direction,position,layer,is_layer_0,alpha,real_mean,real_ci_lo,real_ci_hi,shuf_mean,shuf_ci_lo,shuf_ci_hi,rand_mean,rand_ci_lo,rand_ci_hi,n_items
llama32_3b,distractor,distractor,0,True,-1.0,2.5870392628205128,2.513015324519231,2.659735076121795,-0.0008814102564102564,-0.001983173076923077,0.0001607572115384588,0.0037927350427350423,-0.0021574519230769234,0.009637419871794861,390
llama32_3b,distractor,distractor,0,True,1.0,-0.061578525641025644,-0.0756034655448718,-0.04749499198717949,-0.0023237179487179487,-0.0033653846153846156,-0.0012419871794871794,-0.009702190170940171,-0.015625166933760683,-0.0038050881410256463,390
llama32_3b,distractor,distractor,1,False,-1.0,2.5517828525641026,2.478816105769231,2.6240414663461538,0.006670673076923077,0.005428685897435897,0.007992788461538461,-0.0125133547008547,-0.019466813568376068,-0.005752871260683776,390
llama32_3b,distractor,distractor,1,False,1.0,-0.05344551282051282,-0.06993389423076923,-0.0372135416666667,0.005228365384615384,0.003945813301282051,0.006490885416666664,-0.015912126068376067,-0.023031016292735042,-0.00936832264957265,390
llama32_3b,distractor,distractor,2,False,-1.0,2.5502203525641027,2.476945112179487,2.622823517628205,-0.0011217948717948717,-0.0021033653846153845,-0.000179787660256413,0.02485309829059829,0.01884198050213675,0.030937333066239314,390
llama32_3b,distractor,distractor,2,False,1.0,0.017768429487179487,-0.00024088541666666665,0.03578425480769227,-0.0026041666666666665,-0.00372646233974359,-0.0014823717948717948,-0.021127136752136753,-0.027091179220085474,-0.015003505608974363,390
llama32_3b,distractor,distractor,3,False,-1.0,2.3073517628205127,2.2329672475961537,2.3807171474358975,-0.003405448717948718,-0.004647435897435897,-0.0021429286858974388,-0.012459935897435898,-0.018263388087606837,-0.006035156250000005,390
llama32_3b,distractor,distractor,3,False,1.0,-0.05811298076923077,-0.07405949519230769,-0.041503405448717966,-0.004346955128205128,-0.00562900641025641,-0.0030849358974358973,-0.031737446581196586,-0.037346921741452994,-0.02630191639957265,390
llama32_3b,distractor,distractor,4,False,-1.0,2.0467347756410255,1.973944811698718,2.1211458333333333,0.0019030448717948718,0.0006009615384615385,0.0032251602564102562,0.006336805555555556,-0.00012703659188034229,0.01274739583333333,390
llama32_3b,distractor,distractor,4,False,1.0,-0.06668669871794872,-0.08383413461538461,-0.0498377403846154,-4.0064102564102564e-05,-0.0013621794871794871,0.0012419871794871794,-0.0029313568376068376,-0.008741319444444444,0.0030784254807692296,390
llama32_3b,distractor,distractor,5,False,-1.0,1.944571314102564,1.8684920873397437,2.0203530649038464,0.003125,0.002203525641025641,0.004026442307692307,-0.017641559829059825,-0.022996794871794873,-0.012138755341880346,390
llama32_3b,distractor,distractor,5,False,1.0,-0.22818509615384616,-0.26849459134615383,-0.18930088141025642,0.0013822115384615385,0.0004407051282051282,0.0023036858974358975,0.006183226495726495,0.0014882144764957266,0.010971387553418801,390
llama32_3b,distractor,distractor,6,False,-1.0,1.7864783653846155,1.7166987179487179,1.856250500801282,-0.007391826923076923,-0.008714943910256411,-0.006029146634615388,-0.06702724358974359,-0.07233590411324788,-0.061597222222222234,390
llama32_3b,distractor,distractor,6,False,1.0,-0.01858974358974359,-0.03690354567307692,-0.00034004407051282324,-0.008834134615384615,-0.010176282051282052,-0.007451923076923077,-0.03716613247863248,-0.04205395299145299,-0.032317875267094016,390
llama32_3b,distractor,distractor,7,False,-1.0,1.1325320512820514,1.0831916065705127,1.1827529046474359,0.006310096153846154,0.005428685897435897,0.00721203926282051,-0.03319310897435897,-0.0376469017094017,-0.028679053151709398,390
llama32_3b,distractor,distractor,7,False,1.0,-0.026702724358974358,-0.04174729567307692,-0.011195913461538472,0.00562900641025641,0.0046875,0.006550480769230769,0.0035056089743589736,-0.0006478699252136753,0.007472122061965811,390
llama32_3b,distractor,distractor,8,False,-1.0,1.0665464743589743,1.0246925080128206,1.110674579326923,-8.012820512820513e-05,-0.0010221354166666666,0.0008413461538461539,-0.0002737713675213673,-0.0042539730235042735,0.00375383947649572,390
llama32_3b,distractor,distractor,8,False,1.0,-0.07744391025641026,-0.08944360977564103,-0.06488231169871796,-0.0007211538461538462,-0.0016431290064102563,0.0002403846153846154,0.04196714743589743,0.03764606704059828,0.045933660523504276,390
llama32_3b,distractor,distractor,9,False,-1.0,1.0116786858974358,0.9769586338141026,1.0469566306089744,-0.005809294871794872,-0.006650641025641025,-0.004927884615384615,-0.059929220085470095,-0.06406266693376068,-0.05566806891025642,390
llama32_3b,distractor,distractor,9,False,1.0,-0.1461338141025641,-0.16227964743589743,-0.12978064903846157,-0.00687099358974359,-0.007833032852564103,-0.005848858173076926,-0.02003872863247863,-0.02339092548076923,-0.016539630074786326,390
llama32_3b,distractor,distractor,10,False,-1.0,0.9960136217948717,0.9658974358974359,1.0250646033653845,-0.0028846153846153848,-0.00374599358974359,-0.001983173076923077,0.010690438034188036,0.007337573450854701,0.014096053685897433,390
llama32_3b,distractor,distractor,10,False,1.0,0.034555288461538464,0.02053185096153846,0.049540264423076914,-0.004026442307692307,-0.004927884615384615,-0.0031049679487179485,0.04104567307692308,0.037786291399572645,0.04431089743589744,390
llama32_3b,distractor,distractor,11,False,-1.0,0.8153044871794872,0.7938646834935897,0.8370437700320512,0.00530849358974359,0.004487179487179487,0.006109775641025641,-0.023010149572649574,-0.025721320779914528,-0.020152076655982912,390
llama32_3b,distractor,distractor,11,False,1.0,0.017908653846153845,0.009375,0.02692407852564102,0.00374599358974359,0.0030248397435897437,0.004447115384615384,-0.02610176282051282,-0.02878605769230769,-0.023417301014957266,390
llama32_3b,distractor,distractor,12,False,-1.0,0.7637820512820512,0.7441481370192308,0.7836573517628205,-0.0012219551282051282,-0.001983173076923077,-0.0004807692307692308,0.019030448717948716,0.017060630341880344,0.021067207532051282,390
llama32_3b,distractor,distractor,12,False,1.0,0.02199519230769231,0.014301382211538462,0.029788161057692306,-0.0028846153846153848,-0.003685897435897436,-0.0020828325320512847,0.019304220085470083,0.01714075854700855,0.021481370192307694,390
llama32_3b,distractor,distractor,13,False,-1.0,0.7599158653846154,0.7421243990384615,0.7778280248397436,-0.011698717948717949,-0.012399839743589743,-0.011037660256410257,0.07198851495726495,0.06967815170940171,0.07434578659188035,390
llama32_3b,distractor,distractor,13,False,1.0,0.11822916666666666,0.11059545272435897,0.1263231169871795,-0.013000801282051283,-0.01374198717948718,-0.012299679487179487,0.024993322649572648,0.023303786057692306,0.026756310096153847,390
llama32_3b,distractor,distractor,14,False,-1.0,0.5411658653846154,0.5286047676282051,0.5538877203525641,-0.00218349358974359,-0.0030248397435897437,-0.001422275641025641,-0.03030181623931624,-0.0321247329059829,-0.028492254273504273,390
llama32_3b,distractor,distractor,14,False,1.0,0.05977564102564103,0.05266376201923077,0.06724859775641025,-0.0034455128205128204,-0.0042467948717948715,-0.0026442307692307694,-0.03293936965811966,-0.03496928418803419,-0.030962706997863246,390
llama32_3b,distractor,distractor,15,False,-1.0,0.3625,0.3525641025641026,0.3726767828525641,0.002363782051282051,0.001722255608974359,0.0030248397435897437,-0.021347489316239317,-0.022803151709401708,-0.01987179487179487,390
llama32_3b,distractor,distractor,15,False,1.0,0.004126602564102564,-0.0013631810897435897,0.009675981570512818,0.0013822115384615385,0.0007607171474358974,0.002003205128205128,-0.02371127136752137,-0.025307325053418806,-0.022114716880341886,390
llama32_3b,distractor,distractor,16,False,-1.0,0.26582532051282054,0.2579922876602564,0.27388120993589743,-0.0040665064102564106,-0.004647435897435897,-0.003465044070512823,0.009234775641025641,0.007939369658119658,0.010550380608974357,390
llama32_3b,distractor,distractor,16,False,1.0,0.14312900641025642,0.13735977564102564,0.14935897435897436,-0.004867788461538462,-0.005469250801282051,-0.0042467948717948715,0.009147970085470086,0.007832365117521365,0.010336538461538461,390
llama32_3b,distractor,distractor,17,False,-1.0,0.23501602564102564,0.22752403846153846,0.2425691105769231,-0.003565705128205128,-0.004206730769230769,-0.002904647435897436,-0.002096688034188034,-0.0031784188034188034,-0.0009745592948717965,390
llama32_3b,distractor,distractor,17,False,1.0,0.13743990384615384,0.13255208333333332,0.1428690905448718,-0.004447115384615384,-0.005128205128205128,-0.0037259615384615387,0.004320245726495726,0.003331830929487179,0.005275106837606838,390
llama32_3b,distractor,distractor,18,False,-1.0,0.22998798076923077,0.22261568509615384,0.23756109775641027,-0.008854166666666666,-0.009515224358974358,-0.008173076923076924,-0.02656917735042735,-0.02787810496794872,-0.025300313835470087,390
llama32_3b,distractor,distractor,18,False,1.0,0.15092147435897435,0.1463741987179487,0.15587089342948715,-0.00985576923076923,-0.010516826923076924,-0.009194711538461539,-0.01780849358974359,-0.019090711805555556,-0.01655982905982906,390
llama32_3b,distractor,distractor,19,False,-1.0,0.22736378205128205,0.2203104967948718,0.23513621794871795,0.008373397435897436,0.007712339743589744,0.009074519230769231,0.03431490384615385,0.032565104166666664,0.03612479967948718,390
llama32_3b,distractor,distractor,19,False,1.0,0.17698317307692307,0.17147385817307692,0.1826532451923077,0.007692307692307693,0.007011217948717949,0.008373397435897436,0.05829994658119658,0.05617654914529914,0.06039029113247864,390
llama32_3b,distractor,distractor,20,False,-1.0,0.2211738782051282,0.21452223557692307,0.2279452123397436,0.0005809294871794872,-2.0032051282051282e-05,0.0011818910256410256,-0.005856036324786326,-0.006757645566239317,-0.005007845886752137,390
llama32_3b,distractor,distractor,20,False,1.0,0.24963942307692308,0.24156600560897434,0.2576327123397436,-0.0009014423076923077,-0.0014823717948717948,-0.0003605769230769231,-0.009602029914529915,-0.01058376736111111,-0.008586404914529918,390
llama32_3b,distractor,distractor,21,False,-1.0,0.10562900641025641,0.10262419871794871,0.10867437900641026,-0.0013221153846153847,-0.0018229166666666667,-0.0008012820512820513,0.006730769230769231,0.006049679487179487,0.0074719551282051285,390
llama32_3b,distractor,distractor,21,False,1.0,0.09665464743589744,0.09338942307692308,0.10026041666666667,-0.0022435897435897434,-0.0027844551282051283,-0.0016826923076923078,0.0044805021367521364,0.0036725427350427354,0.005321848290598291,390
llama32_3b,distractor,distractor,22,False,-1.0,0.09020432692307692,0.08743990384615384,0.09304887820512821,-0.0052483974358974355,-0.005909455128205128,-0.0045673076923076926,0.000767895299145299,0.00012019230769230766,0.0013955662393162393,390
llama32_3b,distractor,distractor,22,False,1.0,0.024258814102564103,0.02265625,0.02578125,-0.006109775641025641,-0.006750801282051282,-0.0054487179487179484,-0.003545673076923077,-0.004253472222222222,-0.0028846153846153848,390
llama32_3b,distractor,distractor,23,False,-1.0,0.08305288461538461,0.0804081530448718,0.08571714743589744,-0.0016826923076923078,-0.00218349358974359,-0.0011017628205128205,0.004921207264957264,0.004253472222222222,0.005549045138888888,390
llama32_3b,distractor,distractor,23,False,1.0,0.007011217948717949,0.0054487179487179484,0.00857371794871795,-0.0029647435897435896,-0.0035256410256410257,-0.002403846153846154,0.003211805555555555,0.0026041666666666665,0.003852998130341879,390
llama32_3b,distractor,distractor,24,False,-1.0,0.08072916666666667,0.07840544871794872,0.08327323717948718,0.001782852564102564,0.0012815504807692309,0.0022641225961538437,0.007204861111111111,0.0064503205128205125,0.007946047008547008,390
llama32_3b,distractor,distractor,24,False,1.0,0.0771834935897436,0.07497946714743589,0.07942758413461538,0.0010817307692307693,0.0006009615384615385,0.0015625,0.0023237179487179487,0.0016960470085470084,0.0029513888888888884,390
llama32_3b,distractor,distractor,25,False,-1.0,0.0789463141025641,0.07650240384615385,0.08147185496794872,-0.0011418269230769231,-0.0015825320512820513,-0.0007211538461538462,-0.005568910256410257,-0.006163194444444445,-0.004934395032051283,390
llama32_3b,distractor,distractor,25,False,1.0,0.08279246794871795,0.08060897435897436,0.08505608974358975,-0.0019631410256410256,-0.0024639423076923076,-0.0014823717948717948,-0.010276442307692308,-0.010990918803418804,-0.009642094017094018,390
llama32_3b,distractor,distractor,26,False,-1.0,0.0694511217948718,0.0671875,0.07177483974358974,0.0004407051282051282,2.0032051282051282e-05,0.0008613782051282051,0.004594017094017093,0.003979700854700855,0.0052150106837606834,390
llama32_3b,distractor,distractor,26,False,1.0,0.08513621794871795,0.0828926282051282,0.08742087339743589,-0.0008012820512820513,-0.0011818910256410256,-0.0004001402243589771,-0.004667467948717949,-0.005255074786324786,-0.004032952724358976,390
llama32_3b,distractor,distractor,27,False,-1.0,0.0,0.0,0.0,0.0,0.0,0.0,0.0,0.0,0.0,390
llama32_3b,distractor,distractor,27,False,1.0,0.0,0.0,0.0,0.0,0.0,0.0,0.0,0.0,0.0,390
llama32_3b,distractor,final,0,True,-1.0,-0.7287459935897436,-0.7941175881410256,-0.6632376802884615,-0.005068108974358975,-0.005989583333333334,-0.004126602564102564,-0.008500267094017093,-0.012893963675213675,-0.004139957264957266,390
llama32_3b,distractor,final,0,True,1.0,0.12552083333333333,0.10368088942307693,0.14837990785256408,-0.006069711538461539,-0.00703125,-0.005028044871794872,0.0070446047008547,0.0019093883547008548,0.012294504540598283,390
llama32_3b,distractor,final,1,False,-1.0,-0.02469951923076923,-0.03619841746794872,-0.01342097355769231,0.0005408653846153846,-0.00044120592948717946,0.0015424679487179487,-0.011010950854700855,-0.01498397435897436,-0.006690371260683762,390
llama32_3b,distractor,final,1,False,1.0,0.12361778846153847,0.10117988782051282,0.14527493990384616,-0.000641025641025641,-0.0017032251602564102,0.00042067307692307695,0.004300213675213675,0.00048043536324786297,0.008207465277777772,390
llama32_3b,distractor,final,2,False,-1.0,0.08932291666666667,0.07123297275641026,0.10651091746794872,0.0023838141025641028,0.001422275641025641,0.003245192307692308,0.00874065170940171,0.003912760416666667,0.013201288728632478,390
llama32_3b,distractor,final,2,False,1.0,0.16740785256410257,0.1431485376602564,0.19166816907051282,0.0013822115384615385,0.0004807692307692308,0.0022641225961538437,-0.0008680555555555555,-0.004948751335470086,0.0028914596688034175,390
llama32_3b,distractor,final,3,False,-1.0,0.15602964743589742,0.13727764423076924,0.17532201522435895,0.0013621794871794871,0.00034004407051282053,0.002403846153846154,-0.039162660256410256,-0.04372479300213675,-0.03424028445512821,390
llama32_3b,distractor,final,3,False,1.0,0.16510416666666666,0.14106570512820513,0.18858273237179488,-0.00020032051282051281,-0.0013020833333333333,0.0009014423076923077,-0.03767361111111111,-0.04236144497863247,-0.03291883680555556,390
llama32_3b,distractor,final,4,False,-1.0,0.14669471153846153,0.13242988782051282,0.16111778846153846,0.006430288461538461,0.005328525641025641,0.007612179487179487,0.03959668803418803,0.03549629407051282,0.04392394497863247,390
llama32_3b,distractor,final,4,False,1.0,0.0782051282051282,0.04676582532051282,0.10955729166666665,0.004787660256410257,0.003685897435897436,0.0059495192307692304,0.01894364316239316,0.013848323985042732,0.024139289529914527,390
llama32_3b,distractor,final,5,False,-1.0,0.0468349358974359,0.02836288060897436,0.06704977964743589,0.003946314102564102,0.002984775641025641,0.00486828926282051,0.00952190170940171,0.0044202390491453,0.014845085470085463,390
llama32_3b,distractor,final,5,False,1.0,0.12489983974358974,0.09963842147435899,0.1517442908653846,0.0031650641025641026,0.002223557692307692,0.004086538461538462,0.028592414529914532,0.02357772435897436,0.03338691907051282,390
llama32_3b,distractor,final,6,False,-1.0,0.25310496794871795,0.22914362980769232,0.2792683293269231,0.00020032051282051281,-0.0012224559294871794,0.0016025641025641025,-0.05,-0.05593616452991453,-0.04404964610042736,390
llama32_3b,distractor,final,6,False,1.0,0.19022435897435896,0.16594401041666665,0.2150510817307692,-0.0014823717948717948,-0.003044871794871795,4.0564903846151115e-05,-0.02819845085470085,-0.0375677751068376,-0.01911708733974359,390
llama32_3b,distractor,final,7,False,-1.0,0.23527644230769232,0.2078630809294872,0.2637830528846154,0.003886217948717949,0.002704326923076923,0.005108673878205125,-0.026208600427350424,-0.03373647836538462,-0.018502437232905983,390
llama32_3b,distractor,final,7,False,1.0,-0.0003405448717948718,-0.031150841346153847,0.029269831730769216,0.003125,0.0019431089743589744,0.00424729567307692,0.0014690170940170936,-0.003766192574786325,0.006510750534188032,390
llama32_3b,distractor,final,8,False,-1.0,0.11175881410256411,0.08603565705128205,0.13764122596153847,-0.00641025641025641,-0.007652744391025641,-0.0052483974358974355,0.09147970085470085,0.08612429887820512,0.09708249866452993,390
llama32_3b,distractor,final,8,False,1.0,-0.24719551282051283,-0.28357421875,-0.21252003205128206,-0.008353365384615384,-0.009575320512820513,-0.007171474358974359,0.12917334401709402,0.12320345886752138,0.13498931623931623,390
llama32_3b,distractor,final,9,False,-1.0,0.048016826923076926,0.025377103365384616,0.07139423076923077,-0.017548076923076923,-0.018870192307692307,-0.01622596153846154,-0.0500133547008547,-0.05596971821581197,-0.04422342414529916,390
llama32_3b,distractor,final,9,False,1.0,-0.12403846153846154,-0.1579872796474359,-0.09140124198717951,-0.01921073717948718,-0.020572916666666666,-0.017728365384615384,-0.04293536324786324,-0.04785022702991453,-0.03814686832264958,390
llama32_3b,distractor,final,10,False,-1.0,0.01107772435897436,-0.01088291266025641,0.031993689903846136,-0.009174679487179488,-0.010596955128205129,-0.007751903044871798,0.11045673076923077,0.10347789797008547,0.11783587072649573,390
llama32_3b,distractor,final,10,False,1.0,0.08219150641025641,0.04658403445512821,0.11668970352564101,-0.009495192307692307,-0.010857872596153846,-0.008153044871794872,0.14147970085470085,0.13096721420940172,0.15234391693376068,390
llama32_3b,distractor,final,11,False,-1.0,0.3506410256410256,0.3246985176282051,0.37612580128205125,0.014122596153846154,0.01296073717948718,0.015284455128205128,0.022115384615384617,0.016960470085470088,0.02757178151709401,390
llama32_3b,distractor,final,11,False,1.0,-0.014903846153846155,-0.046896033653846154,0.016608573717948705,0.012940705128205129,0.01171875,0.014122596153846154,0.013060897435897436,0.00777877938034188,0.01816289396367521,390
llama32_3b,distractor,final,12,False,-1.0,-0.5702924679487179,-0.5984199719551282,-0.5440299479166667,-0.024318910256410257,-0.025520833333333333,-0.02309645432692308,0.01748798076923077,0.012292835202991452,0.02273671207264957,390
llama32_3b,distractor,final,12,False,1.0,0.2319911858974359,0.1994581330128205,0.26450570913461535,-0.023898237179487178,-0.025100160256410257,-0.022715344551282057,0.040197649572649576,0.03445462740384616,0.04592698317307692,390
llama32_3b,distractor,final,13,False,-1.0,0.8510016025641025,0.818066907051282,0.884921374198718,-0.03395432692307692,-0.0351161858974359,-0.0328125,0.006049679487179487,9.348290598290637e-05,0.012420372596153842,390
llama32_3b,distractor,final,13,False,1.0,0.9424078525641025,0.9102749399038462,0.9764823717948717,-0.035076121794871795,-0.036298076923076926,-0.03389423076923077,0.09206063034188035,0.08662476629273505,0.09756343482905984,390
llama32_3b,distractor,final,14,False,-1.0,1.3986778846153847,1.358828125,1.4396649639423078,0.0017227564102564102,0.0007211538461538462,0.0027243589743589742,-0.04907852564102564,-0.054327423878205126,-0.04390992254273504,390
llama32_3b,distractor,final,14,False,1.0,0.9614383012820513,0.9257982772435898,0.9977969751602563,0.0007612179487179487,-0.0002203525641025641,0.0017227564102564102,0.06796207264957266,0.06195212339743591,0.07396601228632477,390
llama32_3b,distractor,final,15,False,-1.0,1.1708934294871796,1.137997796474359,1.205089142628205,0.010116185897435898,0.009254807692307692,0.010997596153846155,-0.30109508547008546,-0.3122217214209401,-0.2901634281517094,390
llama32_3b,distractor,final,15,False,1.0,1.1893028846153846,1.1611773838141026,1.2188321314102564,0.009795673076923077,0.008934294871794871,0.010717147435897436,-0.1522769764957265,-0.16099876469017094,-0.14324919871794872,390
llama32_3b,distractor,final,16,False,-1.0,1.1041065705128206,1.0652198517628206,1.145800280448718,-0.021013621794871797,-0.02185546875,-0.02013221153846154,0.05832665598290599,0.053518796741453,0.06287476629273504,390
llama32_3b,distractor,final,16,False,1.0,1.1959535256410256,1.1699103565705127,1.223565204326923,-0.022776442307692307,-0.02359775641025641,-0.021935096153846152,0.0382411858974359,0.03395415998931624,0.04277510683760683,390
llama32_3b,distractor,final,17,False,-1.0,1.165184294871795,1.1305453725961538,1.1992412860576922,-0.011438301282051281,-0.012319711538461538,-0.010556390224358978,0.009027777777777779,0.0064035790598290605,0.011558994391025638,390
llama32_3b,distractor,final,17,False,1.0,1.1140625,1.087577123397436,1.1424358974358975,-0.012700320512820513,-0.013662359775641026,-0.011778846153846154,0.02039930555555556,0.015664730235042734,0.024926549145299147,390
llama32_3b,distractor,final,18,False,-1.0,0.9203926282051282,0.8904206730769231,0.9491856971153846,-0.06400240384615384,-0.06554537259615385,-0.0625801282051282,0.18834134615384615,0.181276375534188,0.1949691172542735,390
llama32_3b,distractor,final,18,False,1.0,1.0619190705128205,1.0368189102564103,1.0890029046474359,-0.0642227564102564,-0.06580528846153846,-0.06276041666666667,0.20675747863247862,0.1994391025641026,0.21390257745726496,390
llama32_3b,distractor,final,19,False,-1.0,1.3845953525641026,1.3472911658653846,1.4209044471153847,0.04875801282051282,0.04751552483974359,0.04997996794871795,0.18477564102564104,0.1816900373931624,0.18818810096153846,390
llama32_3b,distractor,final,19,False,1.0,1.1877804487179486,1.1612159455128206,1.21646734775641,0.04787660256410257,0.04669471153846154,0.049158653846153845,0.19141292735042734,0.18826121794871795,0.19461805555555553,390
llama32_3b,distractor,final,20,False,-1.0,0.7318709935897436,0.7047255608974359,0.7588161057692308,0.001842948717948718,0.0011217948717948717,0.0026041666666666665,0.0017761752136752134,-0.0029191706730769236,0.0067110710470085445,390
llama32_3b,distractor,final,20,False,1.0,1.3696514423076922,1.3389403044871795,1.4018629807692307,-8.012820512820513e-05,-0.0008814102564102564,0.0006815905448717921,0.03266559829059829,0.027303685897435898,0.03802100026709402,390
llama32_3b,distractor,final,21,False,-1.0,0.9815304487179487,0.954306390224359,1.0089152644230768,-0.07620192307692308,-0.07776442307692308,-0.07465945512820513,0.040665064102564104,0.038421140491452996,0.04301582532051282,390
llama32_3b,distractor,final,21,False,1.0,1.467588141025641,1.4371374198717948,1.4998607772435897,-0.07672275641025642,-0.07832582131410257,-0.07510016025641025,0.027891292735042733,0.026034989316239314,0.029914696848290595,390
llama32_3b,distractor,final,22,False,-1.0,1.1591145833333334,1.1221684695512821,1.1969310897435896,-0.0993389423076923,-0.1025050080128205,-0.09629407051282052,0.10314503205128205,0.09853014823717947,0.10777928018162393,390
llama32_3b,distractor,final,22,False,1.0,0.8533253205128205,0.8323908253205128,0.8748602764423077,-0.10402644230769231,-0.1075525841346154,-0.1007206530448718,0.03521634615384615,0.03336004273504274,0.03724626068376069,390
llama32_3b,distractor,final,23,False,-1.0,1.076903044871795,1.051320112179487,1.1026652644230768,-0.07888621794871795,-0.08110977564102564,-0.07668219150641026,0.058693910256410256,0.05678368723290599,0.06068459535256409,390
llama32_3b,distractor,final,23,False,1.0,0.800400641025641,0.7852153445512821,0.8161062700320513,-0.08247195512820513,-0.08487580128205129,-0.08010817307692308,0.02503338675213675,0.023170239049145298,0.026970319177350422,390
llama32_3b,distractor,final,24,False,-1.0,1.3932091346153845,1.362520032051282,1.4244396033653846,0.2203525641025641,0.2165459735576923,0.2243790064102564,-0.010503472222222221,-0.013188434829059827,-0.007612012553418804,390
llama32_3b,distractor,final,24,False,1.0,0.9448717948717948,0.9280608974358974,0.9626402243589743,0.21462339743589742,0.2110576923076923,0.21826973157051283,-0.07001869658119658,-0.0722357438568376,-0.06784171340811966,390
llama32_3b,distractor,final,25,False,-1.0,1.2137419871794872,1.1842708333333334,1.2435216346153846,0.011137820512820513,0.010416165865384614,0.011839443108974355,0.12235576923076923,0.11812216212606838,0.12620209001068375,390
llama32_3b,distractor,final,25,False,1.0,0.8871594551282052,0.8687289663461538,0.9066706730769231,0.00967548076923077,0.008894230769230769,0.010477263621794868,0.0071514423076923074,0.0047407518696581195,0.009695846688034186,390
llama32_3b,distractor,final,26,False,-1.0,1.2277644230769231,1.2009530248397435,1.2550300480769232,0.03766025641025641,0.03647836538461539,0.03886217948717949,0.5856370192307693,0.5745838341346153,0.5964947248931625,390
llama32_3b,distractor,final,26,False,1.0,0.9182291666666667,0.9006405248397437,0.9372000200320513,0.03547676282051282,0.034375,0.03657852564102564,0.4167267628205128,0.4085723824786325,0.42538478231837606,390
llama32_3b,distractor,final,27,False,-1.0,1.7481971153846154,1.742186999198718,1.7548287259615383,0.03447516025641026,0.03375350560897436,0.0351963141025641,-0.22831196581196578,-0.23428869524572649,-0.22242855235042736,390
llama32_3b,distractor,final,27,False,1.0,1.9327724358974359,1.920810797275641,1.9448918269230768,0.03397435897435897,0.03313301282051282,0.03471554487179487,0.029146634615384616,0.02478632478632479,0.03371427617521367,390
llama32_3b,distractor,subject,0,True,-1.0,-6.170432692307692,-6.321218950320513,-6.007091346153847,0.0047676282051282055,0.003705929487179487,0.005749198717948718,-0.006263354700854701,-0.013041199252136752,0.00022218883547007545,390
llama32_3b,distractor,subject,0,True,1.0,7.774158653846154,7.66230969551282,7.883187099358975,0.004166666666666667,0.003064903846153846,0.005228866185897432,0.01778178418803419,0.010369424412393163,0.0253011485042735,390
llama32_3b,distractor,subject,1,False,-1.0,-5.380989583333333,-5.517297676282051,-5.247644731570513,-0.0029647435897435896,-0.0040665064102564106,-0.0019030448717948718,-0.03020165598290598,-0.0376676014957265,-0.021734274839743592,390
llama32_3b,distractor,subject,1,False,1.0,6.257872596153846,6.142602163461538,6.3684535256410255,-0.003926282051282051,-0.005008012820512821,-0.0027844551282051283,-0.016486378205128202,-0.022716513087606836,-0.01056323450854701,390
llama32_3b,distractor,subject,2,False,-1.0,-0.08255208333333333,-0.09475210336538462,-0.07071314102564102,0.003966346153846154,0.0029647435897435896,0.004907852564102564,-0.02299011752136752,-0.030014690170940175,-0.015910456730769244,390
llama32_3b,distractor,subject,2,False,1.0,5.943269230769231,5.82820062099359,6.054363982371795,0.0028044871794871795,0.0018229166666666667,0.0037259615384615387,-0.024712873931623938,-0.02887319711538462,-0.02040581597222222,390
llama32_3b,distractor,subject,3,False,-1.0,-3.4407251602564104,-3.5416080729166666,-3.3382386818910255,0.0007011217948717949,-0.00028044871794871793,0.0016626602564102564,-0.0033653846153846156,-0.007345252403846153,0.0006211605235042732,390
llama32_3b,distractor,subject,3,False,1.0,5.28760016025641,5.183441506410257,5.391778846153846,-0.001201923076923077,-0.002223557692307692,-0.00019981971153846428,0.013521634615384616,0.009721721420940169,0.017128405448717944,390
llama32_3b,distractor,subject,4,False,-1.0,-1.6566907051282052,-1.7727704326923077,-1.5431365184294874,-0.0005608974358974359,-0.0015224358974358974,0.0003205128205128205,0.007104700854700854,0.0033520299145299143,0.01105836004273504,390
llama32_3b,distractor,subject,4,False,1.0,4.63984375,4.551621093750001,4.729587840544872,-0.0010416666666666667,-0.0019436097756410256,-0.00014022435897435896,0.006223290598290598,0.0014127604166666665,0.01073734642094017,390
llama32_3b,distractor,subject,5,False,-1.0,-3.5872395833333335,-3.71613782051282,-3.4603560697115383,0.004467147435897436,0.0036658653846153846,0.005288461538461539,0.014923878205128206,0.010690104166666665,0.018963675213675212,390
llama32_3b,distractor,subject,5,False,1.0,4.648717948717949,4.565514823717949,4.7328330328525645,0.004006410256410256,0.0031650641025641026,0.004828225160256407,0.03241185897435898,0.02918669871794872,0.035584268162393164,390
llama32_3b,distractor,subject,6,False,-1.0,0.08912259615384616,0.07473908253205128,0.10424679487179488,0.013641826923076923,0.012700320512820513,0.014583333333333334,-0.03124332264957265,-0.03439519898504274,-0.027897636217948718,390
llama32_3b,distractor,subject,6,False,1.0,4.263481570512821,4.182189002403846,4.345013020833333,0.013862179487179487,0.012880108173076922,0.01484375,-0.017447916666666667,-0.021815404647435897,-0.012993289262820519,390
llama32_3b,distractor,subject,7,False,-1.0,0.055268429487179485,0.04430889423076923,0.06624699519230769,-0.005368589743589744,-0.006189903846153846,-0.00452724358974359,-0.04590678418803419,-0.04923243856837607,-0.042574786324786326,390
llama32_3b,distractor,subject,7,False,1.0,3.9552884615384616,3.8799213741987177,4.030133213141026,-0.006229967948717949,-0.00703125,-0.0054487179487179484,-0.03530982905982906,-0.039076188568376066,-0.031583533653846155,390
llama32_3b,distractor,subject,8,False,-1.0,-0.18509615384615385,-0.20026141826923077,-0.17149188701923077,-0.0010216346153846154,-0.0018830128205128205,-0.00014022435897435896,-0.021153846153846155,-0.02417885283119658,-0.018061899038461542,390
llama32_3b,distractor,subject,8,False,1.0,4.019190705128205,3.9450105168269234,4.092840544871795,-0.0021434294871794874,-0.0029647435897435896,-0.0013015825320512847,-0.0024706196581196576,-0.005029213408119658,0.00023370726495726505,390
llama32_3b,distractor,subject,9,False,-1.0,-0.4496794871794872,-0.47355819310897435,-0.4287860576923077,-0.0022435897435897434,-0.0030248397435897437,-0.0014423076923076924,-0.02027911324786325,-0.023385082799145303,-0.01705395299145299,390
llama32_3b,distractor,subject,9,False,1.0,3.9522235576923075,3.8787820512820512,4.026667668269231,-0.0025240384615384617,-0.0033253205128205127,-0.001702724358974359,-0.015337873931623933,-0.018603766025641025,-0.012072148771367527,390
llama32_3b,distractor,subject,10,False,-1.0,-3.2361378205128206,-3.3180528846153847,-3.161533453525641,0.010677083333333334,0.009895332532051281,0.011478365384615385,-0.035723824786324784,-0.03890958867521368,-0.0323375734508547,390
llama32_3b,distractor,subject,10,False,1.0,3.8618389423076924,3.7919571314102565,3.935116686698718,0.010336538461538461,0.009495192307692307,0.011137820512820513,-0.013955662393162392,-0.017294671474358977,-0.010616820245726497,390
llama32_3b,distractor,subject,11,False,-1.0,-0.08649839743589743,-0.10094250801282051,-0.07227463942307694,-0.0025841346153846153,-0.003345352564102564,-0.001842948717948718,-0.007719017094017094,-0.01027794471153846,-0.005174946581196581,390
llama32_3b,distractor,subject,11,False,1.0,3.7373998397435897,3.674171674679487,3.8045477764423077,-0.0030248397435897437,-0.00374599358974359,-0.00234375,0.010409989316239316,0.007812333066239316,0.013054220085470088,390
llama32_3b,distractor,subject,12,False,-1.0,-3.5887620192307694,-3.664044471153846,-3.5158548677884616,0.007371794871794872,0.0065299479166666665,0.008253205128205128,-0.05572916666666667,-0.05881410256410256,-0.05281083066239316,390
llama32_3b,distractor,subject,12,False,1.0,3.459415064102564,3.397452924679487,3.5223572716346156,0.007892628205128205,0.007071314102564103,0.008774038461538462,-0.025347222222222226,-0.027677617521367524,-0.02303652510683761,390
llama32_3b,distractor,subject,13,False,-1.0,-1.7540064102564104,-1.823768529647436,-1.6820878405448718,-0.013782051282051282,-0.014663461538461538,-0.012900641025641025,0.03770699786324786,0.034735076121794876,0.0406855969551282,390
llama32_3b,distractor,subject,13,False,1.0,2.9692307692307693,2.9184895833333333,3.0219556290064102,-0.013681891025641026,-0.014623397435897436,-0.01282051282051282,0.09449786324786326,0.08984358306623931,0.09915882077991453,390
llama32_3b,distractor,subject,14,False,-1.0,0.5458333333333333,0.516405749198718,0.5759219751602563,-0.015725160256410256,-0.01670673076923077,-0.014783653846153846,-0.028846153846153848,-0.031991185897435895,-0.0259940905448718,390
llama32_3b,distractor,subject,14,False,1.0,2.386258012820513,2.3331270032051283,2.4383238181089744,-0.017107371794871797,-0.018068910256410258,-0.01620592948717949,0.006917735042735043,0.0037990785256410246,0.010256911057692305,390
llama32_3b,distractor,subject,15,False,-1.0,0.8695913461538461,0.8364513221153846,0.9048722956730769,-0.009475160256410256,-0.010236378205128205,-0.008713942307692308,-0.05644364316239317,-0.059575320512820516,-0.05341195913461539,390
llama32_3b,distractor,subject,15,False,1.0,1.8119791666666667,1.7721754807692307,1.8513241185897436,-0.009795673076923077,-0.01059745592948718,-0.008994391025641025,0.014035790598290597,0.00904113247863248,0.01925814636752136,390
llama32_3b,distractor,subject,16,False,-1.0,0.0010616987179487179,-0.005349058493589744,0.0073142027243589605,-0.0014623397435897436,-0.002063301282051282,-0.0008413461538461539,0.020766559829059825,0.019130442040598293,0.02242270966880342,390
llama32_3b,distractor,subject,16,False,1.0,0.7508613782051282,0.7303886217948717,0.7715544871794872,-0.0021634615384615386,-0.0027443910256410254,-0.0015625,0.018856837606837606,0.016993856837606836,0.020653211805555554,390
llama32_3b,distractor,subject,17,False,-1.0,0.08952323717948718,0.08271133814102564,0.09625400641025642,0.0016826923076923078,0.0010216346153846154,0.0023242187499999973,-0.0035122863247863245,-0.0049479166666666664,-0.0022033587072649583,390
llama32_3b,distractor,subject,17,False,1.0,0.5974158653846153,0.5812089342948717,0.6131840945512821,0.0005408653846153846,-0.00010066105769230765,0.0012024238782051256,0.014429754273504273,0.013174412393162395,0.0156517094017094,390
llama32_3b,distractor,subject,18,False,-1.0,0.09519230769230769,0.08729867788461539,0.10300580929487178,-0.006109775641025641,-0.006710737179487179,-0.005528846153846154,0.028104967948717943,0.02676265357905983,0.029480669070512822,390
llama32_3b,distractor,subject,18,False,1.0,0.5805889423076923,0.5646429286858975,0.5964568309294871,-0.0069511217948717945,-0.007612179487179487,-0.006310096153846154,0.03943643162393162,0.03772686298076923,0.04129290197649572,390
llama32_3b,distractor,subject,19,False,-1.0,0.14174679487179487,0.13203074919871793,0.1510021033653846,0.009995993589743589,0.009314903846153846,0.01065755208333333,-0.013040865384615385,-0.014349793002136754,-0.01175864716880342,390
llama32_3b,distractor,subject,19,False,1.0,0.5516426282051282,0.537197516025641,0.5662870592948718,0.009435096153846153,0.008813601762820512,0.010116686698717946,0.012166132478632477,0.010569744925213674,0.013762520032051279,390
llama32_3b,distractor,subject,20,False,-1.0,0.029647435897435896,0.02517928685897436,0.034075020032051276,-0.0025240384615384617,-0.0030849358974358973,-0.0019631410256410256,0.01579861111111111,0.014423076923076924,0.017187666933760684,390
llama32_3b,distractor,subject,20,False,1.0,0.39671474358974357,0.3857371794871795,0.4077569110576923,-0.0033653846153846156,-0.003926282051282051,-0.0028044871794871795,0.040157585470085466,0.038260884081196586,0.04204076522435898,390
llama32_3b,distractor,subject,21,False,-1.0,-0.030268429487179487,-0.032893129006410254,-0.027804487179487178,-0.0006810897435897436,-0.001282051282051282,-0.00011969150641025915,-0.0009348290598290598,-0.001736278044871795,-0.00018028846153846166,390
llama32_3b,distractor,subject,21,False,1.0,0.2590945512820513,0.25208183092948716,0.2661668669871795,-0.001282051282051282,-0.001782852564102564,-0.0007612179487179487,0.001702724358974359,0.0008947649572649573,0.0024772970085470084,390
llama32_3b,distractor,subject,22,False,-1.0,-0.013862179487179487,-0.01622596153846154,-0.011537960737179491,-0.006290064102564103,-0.006931089743589743,-0.00562900641025641,-0.01515758547008547,-0.016005775908119656,-0.014369491185897436,390
llama32_3b,distractor,subject,22,False,1.0,0.16227964743589743,0.1569100560897436,0.16742938701923074,-0.007231570512820513,-0.007852564102564102,-0.006570512820512821,-0.011631944444444446,-0.012306356837606836,-0.010890758547008548,390
llama32_3b,distractor,subject,23,False,-1.0,0.02982772435897436,0.027644230769230768,0.0320918469551282,-0.0013621794871794871,-0.0018830128205128205,-0.0008213141025641026,0.0013221153846153847,0.0006410256410256411,0.0019898504273504277,390
llama32_3b,distractor,subject,23,False,1.0,0.14849759615384617,0.14366887019230767,0.1533057892628205,-0.0022435897435897434,-0.0027443910256410254,-0.0017427884615384616,0.004720886752136752,0.00411975827991453,0.005341880341880342,390
llama32_3b,distractor,subject,24,False,-1.0,0.05432692307692308,0.05178285256410257,0.05669070512820513,0.00026041666666666666,-0.00014022435897435896,0.0006610576923076923,0.0010884081196581195,0.0003872863247863248,0.0017496327457264952,390
llama32_3b,distractor,subject,24,False,1.0,0.13940304487179486,0.13493489583333332,0.1437109375,-0.0006209935897435897,-0.0010817307692307693,-0.00014022435897435896,0.0047676282051282055,0.004166666666666667,0.005328692574786324,390
llama32_3b,distractor,subject,25,False,-1.0,0.057311698717948716,0.05480769230769231,0.05975560897435898,-0.0002403846153846154,-0.0007211538461538462,0.0002203525641025641,0.002544070512820513,0.0019097222222222224,0.0031854300213675197,390
llama32_3b,distractor,subject,25,False,1.0,0.13972355769230768,0.1353360376602564,0.14389072516025642,-0.001201923076923077,-0.0016826923076923078,-0.0007612179487179487,0.00515491452991453,0.004520566239316239,0.005809461805555555,390
llama32_3b,distractor,subject,26,False,-1.0,0.04767628205128205,0.045552383814102565,0.04965995592948717,0.00018028846153846155,-0.0002203525641025641,0.0005809294871794872,0.001736111111111111,0.0012551749465811964,0.002216880341880342,390
llama32_3b,distractor,subject,26,False,1.0,0.13157051282051282,0.12726312099358975,0.13557742387820512,-0.0006009615384615385,-0.001001602564102564,-0.00018028846153846155,0.004013087606837607,0.0034655448717948716,0.004573985042735042,390
llama32_3b,distractor,subject,27,False,-1.0,0.0,0.0,0.0,0.0,0.0,0.0,0.0,0.0,0.0,390
llama32_3b,distractor,subject,27,False,1.0,0.0,0.0,0.0,0.0,0.0,0.0,0.0,0.0,0.0,390
llama32_3b,subject,distractor,0,True,-1.0,2.5856971153846153,2.5140129206730766,2.6584615384615384,-0.0007411858974358974,-0.0018629807692307693,0.00038060897435897436,0.019905181623931623,0.013367220886752138,0.026416599893162383,390
llama32_3b,subject,distractor,0,True,1.0,-0.032231570512820516,-0.045232371794871794,-0.019830729166666672,-0.00218349358974359,-0.0033052884615384615,-0.001101262019230772,0.00375934829059829,-0.0022571113782051283,0.009809027777777778,390
llama32_3b,subject,distractor,1,False,-1.0,2.514082532051282,2.4411994190705126,2.5847380809294873,-0.0007211538461538462,-0.0018830128205128205,0.00044120592948717675,0.03860176282051282,0.03092948717948718,0.046240651709401705,390
llama32_3b,subject,distractor,1,False,1.0,-0.013802083333333333,-0.028847656250000003,0.00048227163461537646,-0.0019030448717948718,-0.003064903846153846,-0.0008007812500000027,0.023878205128205127,0.01662593482905983,0.0312777110042735,390
llama32_3b,subject,distractor,2,False,-1.0,2.549599358974359,2.4769796674679485,2.6189723557692304,-0.0018229166666666667,-0.0030849358974358973,-0.0006405248397435924,0.005201655982905982,-0.0014630074786324784,0.011651976495726494,390
llama32_3b,subject,distractor,2,False,1.0,0.03159054487179487,0.013841646634615384,0.048848657852564044,-0.003545673076923077,-0.004908353365384616,-0.0023237179487179487,-0.019230769230769232,-0.02584168002136752,-0.013074252136752139,390
llama32_3b,subject,distractor,3,False,-1.0,2.3008613782051284,2.228242688301282,2.374828225160256,0.004867788461538462,0.0037860576923076923,0.005950020032051279,-0.0077991452991453,-0.013441673344017096,-0.002249766292735046,390
llama32_3b,subject,distractor,3,False,1.0,0.0038060897435897435,-0.008875200320512821,0.0172696314102564,0.0036458333333333334,0.0025040064102564105,0.0047475961538461535,-0.0218616452991453,-0.02909371661324786,-0.015250233707264964,390
llama32_3b,subject,distractor,4,False,-1.0,1.980869391025641,1.9082316706730769,2.0541987179487182,-0.0010216346153846154,-0.0019030448717948718,-0.00011969150641025915,-0.0012086004273504267,-0.006183226495726495,0.0036024305555555376,390
llama32_3b,subject,distractor,4,False,1.0,-0.030248397435897436,-0.045773737980769225,-0.015363581730769236,-0.0021233974358974357,-0.0030048076923076925,-0.0011418269230769231,-0.0032184829059829054,-0.008755675747863248,0.002170472756410256,390
llama32_3b,subject,distractor,5,False,-1.0,1.8419871794871794,1.7688146033653847,1.913466546474359,0.0017227564102564102,0.0006805889423076923,0.002684294871794872,0.025701121794871794,0.02063267895299145,0.031016292735042732,390
llama32_3b,subject,distractor,5,False,1.0,-0.6670873397435897,-0.7247205528846153,-0.609012920673077,2.0032051282051282e-05,-0.0010416666666666667,0.0010616987179487179,0.03844818376068376,0.03376669337606838,0.043463374732905985,390
llama32_3b,subject,distractor,6,False,-1.0,1.789823717948718,1.7224479166666666,1.8573933293269231,0.012920673076923076,0.011858974358974358,0.014002904647435895,-0.050333867521367516,-0.055322182158119654,-0.045090811965811974,390
llama32_3b,subject,distractor,6,False,1.0,0.13577724358974358,0.12087339743589744,0.15054236778846153,0.011398237179487179,0.010316005608974358,0.0125205328525641,-0.012887286324786324,-0.017895466079059827,-0.00790564903846154,390
llama32_3b,subject,distractor,7,False,-1.0,1.2680488782051282,1.2194070512820512,1.3179887820512821,0.0018830128205128205,0.0010817307692307693,0.0027048277243589716,0.0005208333333333337,-0.003641659989316239,0.004661291399572647,390
llama32_3b,subject,distractor,7,False,1.0,-0.004026442307692307,-0.016488381410256412,0.007852564102564102,0.0011017628205128205,0.00020032051282051281,0.0020833333333333333,0.028238514957264958,0.02430522168803419,0.03208483573717948,390
llama32_3b,subject,distractor,8,False,-1.0,1.1537059294871794,1.1130353565705127,1.1970582932692306,0.0049479166666666664,0.004006410256410256,0.005849358974358974,-0.008406784188034188,-0.011712239583333336,-0.0051816239316239306,390
llama32_3b,subject,distractor,8,False,1.0,0.10568910256410256,0.09717548076923077,0.11440404647435896,0.0038261217948717947,0.002924679487179487,0.004807692307692308,0.025420673076923077,0.021534455128205128,0.02922726362179487,390
llama32_3b,subject,distractor,9,False,-1.0,1.0865785256410256,1.049454627403846,1.1243825120192308,-0.0025240384615384617,-0.003345352564102564,-0.0017427884615384616,0.003405448717948718,0.00011969150641025663,0.00650457398504273,390
llama32_3b,subject,distractor,9,False,1.0,-0.011358173076923076,-0.02352063301282051,0.0015630008012820487,-0.003966346153846154,-0.004727564102564102,-0.0032251602564102562,0.020686431623931627,0.017434395032051284,0.023798243856837605,390
llama32_3b,subject,distractor,10,False,-1.0,1.0175080128205127,0.9884975961538461,1.0463391426282052,-0.004667467948717949,-0.005528846153846154,-0.0038261217948717947,0.008092948717948719,0.005127871260683761,0.011057859241452991,390
llama32_3b,subject,distractor,10,False,1.0,0.1271834935897436,0.11450220352564103,0.1405859375,-0.005689102564102564,-0.006550480769230769,-0.004847255608974362,0.0343883547008547,0.03173744658119658,0.03703275240384615,390
llama32_3b,subject,distractor,11,False,-1.0,0.8224358974358974,0.8021429286858975,0.8422511017628205,0.0020833333333333333,0.0013221153846153847,0.0028245192307692307,0.016593215811965812,0.014436264690170938,0.018670038728632477,390
llama32_3b,subject,distractor,11,False,1.0,0.133193108974359,0.1257802483974359,0.1405448717948718,0.0010416666666666667,0.00028044871794871793,0.0018434495192307665,0.02278311965811966,0.02059261485042735,0.024993322649572648,390
llama32_3b,subject,distractor,12,False,-1.0,0.7435496794871795,0.7252974759615385,0.7619000400641026,-0.0038661858974358976,-0.004627403846153846,-0.003125,-0.06176549145299145,-0.0642229233440171,-0.059461471688034194,390
llama32_3b,subject,distractor,12,False,1.0,0.15210336538461539,0.14342898637820511,0.16083934294871793,-0.005288461538461539,-0.005989583333333334,-0.0045673076923076926,-0.06863648504273505,-0.07108056223290599,-0.06617922008547009,390
llama32_3b,subject,distractor,13,False,-1.0,0.7492788461538461,0.7332717347756411,0.7664072516025641,0.008653846153846154,0.007952724358974358,0.009415064102564102,0.004767628205128205,0.0032583800747863247,0.006397068643162393,390
llama32_3b,subject,distractor,13,False,1.0,0.354306891025641,0.34386868990384617,0.3655859375,0.007331730769230769,0.006610576923076923,0.008012820512820512,-0.04343616452991452,-0.04531934428418804,-0.0415130876068376,390
llama32_3b,subject,distractor,14,False,-1.0,0.553926282051282,0.5409980969551282,0.5675080128205128,0.006630608974358974,0.006029647435897436,0.007251602564102564,-0.0281784188034188,-0.030001502403846154,-0.02624816372863248,390
llama32_3b,subject,distractor,14,False,1.0,0.32165464743589745,0.31177734375,0.33229266826923076,0.005568910256410257,0.004987980769230769,0.006149839743589743,-0.048110309829059825,-0.05003355368589744,-0.046193743322649576,390
llama32_3b,subject,distractor,15,False,-1.0,0.4086939102564103,0.3967107371794872,0.42121744791666665,-0.008693910256410257,-0.009435596955128205,-0.007892628205128205,-0.03704594017094017,-0.03891576522435897,-0.035142728365384616,390
llama32_3b,subject,distractor,15,False,1.0,0.421494391025641,0.404023938301282,0.4401241987179487,-0.00905448717948718,-0.009715544871794872,-0.008352864583333336,-0.04254139957264957,-0.04429754273504273,-0.04076522435897437,390
llama32_3b,subject,distractor,16,False,-1.0,0.3547676282051282,0.34314903846153844,0.3664873798076923,0.0006009615384615385,3.956330128205131e-05,0.0011217948717948717,0.012867254273504271,0.01087055956196581,0.014770299145299143,390
llama32_3b,subject,distractor,16,False,1.0,0.807071314102564,0.7792077323717949,0.8362630208333333,-0.00020032051282051281,-0.00078125,0.00042067307692307695,0.02391826923076923,0.021606904380341876,0.02628255208333333,390
llama32_3b,subject,distractor,17,False,-1.0,0.3280448717948718,0.3155839342948718,0.34150641025641026,0.022275641025641026,0.02137419871794872,0.023237179487179488,-0.028038194444444445,-0.02934712206196581,-0.026689369658119657,390
llama32_3b,subject,distractor,17,False,1.0,0.9807692307692307,0.9426061698717949,1.019959935897436,0.02217548076923077,0.02123397435897436,0.023177584134615382,-0.0148571047008547,-0.016439636752136753,-0.013287927350427348,390
llama32_3b,subject,distractor,18,False,-1.0,0.3322716346153846,0.3198106971153846,0.3454532251602564,0.014563301282051282,0.013802083333333333,0.015304487179487179,0.006436965811965812,0.004573818108974359,0.00845352564102564,390
llama32_3b,subject,distractor,18,False,1.0,1.0187099358974359,0.9800851362179487,1.0584610376602563,0.014022435897435898,0.013341346153846153,0.014683994391025638,0.0064035790598290605,0.004547108707264958,0.008159889155982904,390
llama32_3b,subject,distractor,19,False,-1.0,0.3256810897435897,0.31397986778846154,0.3383022836538462,-0.013321314102564102,-0.01404246794871795,-0.012580128205128206,0.04002403846153846,0.038174412393162396,0.041987179487179484,390
llama32_3b,subject,distractor,19,False,1.0,1.2626402243589743,1.230625,1.296700220352564,-0.013681891025641026,-0.014443108974358975,-0.012980268429487183,0.05564903846153845,0.05368472889957265,0.05771250667735043,390
llama32_3b,subject,distractor,20,False,-1.0,0.45859375,0.4394220753205128,0.4775666065705128,-0.003605769230769231,-0.004286858974358975,-0.002964242788461541,-0.044758279914529915,-0.0463610109508547,-0.04314186030982906,390
llama32_3b,subject,distractor,20,False,1.0,1.2690304487179487,1.2343144030448718,1.3051497395833334,-0.0049479166666666664,-0.005669070512820513,-0.0042467948717948715,-0.04584001068376068,-0.04798344017094017,-0.0436565170940171,390
llama32_3b,subject,distractor,21,False,-1.0,0.017568108974358974,0.009130108173076924,0.025723157051282038,0.010436698717948717,0.009775641025641026,0.011137820512820513,0.00843349358974359,0.007605335202991455,0.009308560363247861,390
llama32_3b,subject,distractor,21,False,1.0,0.38169070512820513,0.36862930689102563,0.3950325520833333,0.010096153846153847,0.009435096153846153,0.01079727564102564,0.0012152777777777778,0.00042067307692307695,0.0020499465811965813,390
llama32_3b,subject,distractor,22,False,-1.0,0.2588141025641026,0.24581330128205128,0.2731996193910256,0.00797275641025641,0.007331730769230769,0.008613782051282052,-0.01864983974358974,-0.01964509882478633,-0.017714509882478635,390
llama32_3b,subject,distractor,22,False,1.0,0.3659054487179487,0.3521369190705128,0.3801893028846154,0.006830929487179487,0.006189903846153846,0.007512019230769231,-0.02939369658119658,-0.03052968082264957,-0.02834518563034188,390
llama32_3b,subject,distractor,23,False,-1.0,0.08994391025641026,0.08719901842948717,0.09268880208333334,0.00026041666666666666,-0.00018028846153846155,0.0007211538461538462,0.0064503205128205125,0.005682425213675214,0.007205028044871794,390
llama32_3b,subject,distractor,23,False,1.0,0.058834134615384615,0.05574919871794872,0.06208032852564102,-0.0010216346153846154,-0.0015024038461538462,-0.0005608974358974359,0.0013020833333333333,0.0006475360576923076,0.00199001736111111,390
llama32_3b,subject,distractor,24,False,-1.0,0.08920272435897436,0.08657802483974358,0.09194711538461539,0.0018028846153846155,0.001301582532051282,0.0023838141025641028,0.002704326923076923,0.0020163928952991452,0.003412126068376068,390
llama32_3b,subject,distractor,24,False,1.0,0.1326522435897436,0.12934695512820513,0.13617838541666666,0.0006009615384615385,0.0001201923076923077,0.0010616987179487179,-0.004594017094017093,-0.005275106837606837,-0.003919437767094018,390
llama32_3b,subject,distractor,25,False,-1.0,0.08878205128205129,0.08617688301282052,0.09154697516025641,0.0004807692307692308,-2.0032051282051282e-05,0.0009815705128205128,0.009528579059829059,0.008867354433760683,0.010243222489316238,390
llama32_3b,subject,distractor,25,False,1.0,0.13854166666666667,0.13513571714743589,0.14206780849358974,-0.0003605769230769231,-0.00078125,8.012820512820513e-05,-0.0013822115384615385,-0.0020968549679487177,-0.0007076322115384623,390
llama32_3b,subject,distractor,26,False,-1.0,0.08060897435897436,0.07822516025641026,0.08301332131410256,-0.0005408653846153846,-0.0010021033653846152,-5.95953525641053e-05,0.009274839743589744,0.008593583066239316,0.009962773771367521,390
llama32_3b,subject,distractor,26,False,1.0,0.14220753205128206,0.1391025641025641,0.1454131610576923,-0.001702724358974359,-0.0021634615384615386,-0.0012620192307692308,-0.004954594017094018,-0.005695779914529914,-0.0042599826388888895,390
llama32_3b,subject,distractor,27,False,-1.0,0.0,0.0,0.0,0.0,0.0,0.0,0.0,0.0,0.0,390
llama32_3b,subject,distractor,27,False,1.0,0.0,0.0,0.0,0.0,0.0,0.0,0.0,0.0,0.0,390
llama32_3b,subject,final,0,True,-1.0,-0.6891826923076924,-0.7546484375,-0.6230333533653847,0.007371794871794872,0.00641025641025641,0.008353365384615384,-0.00795940170940171,-0.01227981436965812,-0.003471053685897442,390
llama32_3b,subject,final,0,True,1.0,0.13603766025641026,0.11574368990384616,0.1569911858974359,0.0069511217948717945,0.006069210737179487,0.007852564102564102,0.010002670940170941,0.004845586271367522,0.01535172943376068,390
llama32_3b,subject,final,1,False,-1.0,0.04921875,0.035216346153846154,0.06286157852564102,0.0069511217948717945,0.006029647435897436,0.007852564102564102,0.005108173076923077,0.00046624599358974315,0.010137052617521363,390
llama32_3b,subject,final,1,False,1.0,0.21029647435897436,0.1890009014423077,0.23195462740384612,0.005749198717948718,0.00484775641025641,0.006630608974358974,0.0023103632478632475,-0.0017230902777777776,0.006296908386752137,390
llama32_3b,subject,final,2,False,-1.0,0.34040464743589743,0.3154427083333333,0.3641045673076923,-0.0015024038461538462,-0.002544070512820513,-0.00042067307692307695,-0.023270566239316236,-0.026963975694444444,-0.01921073717948718,390
llama32_3b,subject,final,2,False,1.0,0.26290064102564104,0.24150540865384615,0.28465745192307695,-0.0034655448717948716,-0.004487179487179487,-0.0024639423076923076,-0.023076923076923078,-0.027550747863247866,-0.01844951923076923,390
llama32_3b,subject,final,3,False,-1.0,0.40406650641025643,0.3756340144230769,0.4336984174679487,-0.007532051282051282,-0.008633814102564103,-0.0064703525641025645,0.0043002136752136755,0.0006143162393162406,0.007999632745726496,390
llama32_3b,subject,final,3,False,1.0,0.28673878205128206,0.2649409054487179,0.30863481570512824,-0.009234775641025641,-0.010336538461538461,-0.008173076923076924,-0.007057959401709403,-0.011224793002136751,-0.002777110042735046,390
llama32_3b,subject,final,4,False,-1.0,0.2702724358974359,0.2496955128205128,0.2910872395833333,0.00026041666666666666,-0.0006610576923076923,0.0011222956730769203,-0.03254540598290599,-0.0367454594017094,-0.028017661591880343,390
llama32_3b,subject,final,4,False,1.0,0.044110576923076926,0.016025140224358973,0.07199669471153845,-0.0011217948717948717,-0.002003205128205128,-0.0002203525641025641,-0.04978632478632479,-0.054206897702991454,-0.04555255074786325,390
llama32_3b,subject,final,5,False,-1.0,0.29619391025641023,0.27119290865384615,0.32073617788461534,0.0008814102564102564,-0.00020032051282051281,0.001983173076923077,-0.0052150106837606834,-0.010391459668803418,-1.285389957265199e-05,390
llama32_3b,subject,final,5,False,1.0,0.10681089743589743,0.08012770432692308,0.13423477564102565,-0.0003605769230769231,-0.001422275641025641,0.0006615584935897409,0.02046607905982906,0.01510249732905983,0.025949018429487172,390
llama32_3b,subject,final,6,False,-1.0,0.5948517628205128,0.562109375,0.6289473157051282,0.013000801282051283,0.011919070512820512,0.014142628205128205,0.0012553418803418804,-0.004114583333333333,0.0064174345619658095,390
llama32_3b,subject,final,6,False,1.0,0.2676883012820513,0.2462530048076923,0.2887825520833333,0.011899038461538461,0.01061698717948718,0.01314152644230769,0.04279513888888889,0.0373459201388889,0.04782986111111111,390
llama32_3b,subject,final,7,False,-1.0,0.7657251602564102,0.7334089543269231,0.7984815705128205,0.0009014423076923077,-6.0596955128205104e-05,0.0019030448717948718,-0.010383279914529916,-0.01978565705128205,-0.0010144564636752167,390
llama32_3b,subject,final,7,False,1.0,0.1272235576923077,0.10027994791666667,0.15404897836538461,-0.0006209935897435897,-0.0016626602564102564,0.0005809294871794872,0.04550614316239317,0.03922192174145298,0.051155849358974353,390
llama32_3b,subject,final,8,False,-1.0,0.5735576923076923,0.5464117588141026,0.6033288261217948,0.014723557692307692,0.013581229967948718,0.01598607772435897,0.15660389957264959,0.15013905582264958,0.16306840945512815,390
llama32_3b,subject,final,8,False,1.0,0.05166266025641025,0.02690204326923077,0.07576221955128204,0.012139423076923077,0.010917467948717948,0.013401442307692307,0.13753338675213675,0.13002069978632477,0.14475176949786325,390
llama32_3b,subject,final,9,False,-1.0,0.598036858974359,0.568564202724359,0.6277458934294872,-0.006029647435897436,-0.007051782852564103,-0.0049479166666666664,-0.0391159188034188,-0.043590244391025636,-0.03435480101495727,390
llama32_3b,subject,final,9,False,1.0,0.18122996794871796,0.15628455528846155,0.2059500200320513,-0.006590544871794872,-0.0076522435897435894,-0.00546875,-0.046294070512820515,-0.05090828659188033,-0.041779847756410256,390
llama32_3b,subject,final,10,False,-1.0,0.7295673076923077,0.6961848958333334,0.7614613381410257,-0.02235576923076923,-0.02359775641025641,-0.021173878205128206,-0.11540464743589744,-0.12267043936965812,-0.10765708466880342,390
llama32_3b,subject,final,10,False,1.0,0.4186298076923077,0.39380909455128205,0.44427433894230767,-0.02283653846153846,-0.02405849358974359,-0.02175480769230769,-0.07911324786324786,-0.08410790598290598,-0.07439903846153846,390
llama32_3b,subject,final,11,False,-1.0,1.0537660256410257,1.0179447115384614,1.0911067708333333,-0.005048076923076923,-0.006130308493589744,-0.004026442307692307,-0.10206330128205128,-0.11071714743589743,-0.09346270699786324,390
llama32_3b,subject,final,11,False,1.0,0.5087139423076923,0.48210987580128206,0.5366922075320513,-0.006570512820512821,-0.007632211538461538,-0.005528846153846154,-0.08299946581196581,-0.09068626469017094,-0.07532668936965813,390
llama32_3b,subject,final,12,False,-1.0,0.05757211538461538,0.028240184294871795,0.08677884615384615,-0.02247596153846154,-0.023477564102564102,-0.021434294871794872,-0.11670005341880342,-0.12190204326923078,-0.1115182625534188,390
llama32_3b,subject,final,12,False,1.0,0.9052083333333333,0.8744376001602564,0.9369220753205129,-0.022556089743589743,-0.02359775641025641,-0.02155448717948718,-0.06944444444444445,-0.07596838274572651,-0.06296741452991453,390
llama32_3b,subject,final,13,False,-1.0,1.436358173076923,1.3950906450320513,1.480710637019231,0.02439903846153846,0.023397435897435898,0.025440705128205128,-0.0451655982905983,-0.052638721955128205,-0.03805422008547009,390
llama32_3b,subject,final,13,False,1.0,2.0380408653846156,1.9893860176282052,2.092241085737179,0.023317307692307693,0.022375801282051282,0.024278846153846154,0.015591613247863248,0.009868956997863249,0.021020799946581195,390
llama32_3b,subject,final,14,False,-1.0,1.5725360576923078,1.521153345352564,1.6255013020833333,0.017728365384615384,0.016706229967948717,0.018710436698717945,0.023938301282051284,0.017885616987179487,0.02992154113247863,390
llama32_3b,subject,final,14,False,1.0,2.0614983974358974,2.0159049479166664,2.1089783653846155,0.017287660256410257,0.01620592948717949,0.018349859775641023,0.11116452991452991,0.1037057625534188,0.11894481169871796,390
llama32_3b,subject,final,15,False,-1.0,1.9210536858974359,1.8685161258012821,1.9780488782051282,-0.05871394230769231,-0.060236378205128206,-0.057251101762820514,-0.2539730235042735,-0.2614852096688034,-0.24660740518162394,390
llama32_3b,subject,final,15,False,1.0,3.453064903846154,3.380142227564103,3.53068108974359,-0.0585536858974359,-0.060056089743589745,-0.0570713141025641,-0.03334001068376069,-0.038434829059829055,-0.028224993322649574,390
llama32_3b,subject,final,16,False,-1.0,1.1580929487179488,1.0744180689102565,1.250989082532051,-0.006790865384615385,-0.007652744391025641,-0.005928986378205131,-0.16370860042735044,-0.1704540598290598,-0.15687683627136753,390
llama32_3b,subject,final,16,False,1.0,4.444451121794872,4.375415665064103,4.509055989583333,-0.007732371794871795,-0.008633814102564103,-0.006810396634615388,-0.13112313034188033,-0.13888905582264957,-0.12331697382478633,390
llama32_3b,subject,final,17,False,-1.0,3.3080328525641027,3.2235712139423076,3.394543770032051,0.13701923076923078,0.13411458333333334,0.1399043469551282,-0.3288995726495726,-0.336265357905983,-0.32231436965811966,390
llama32_3b,subject,final,17,False,1.0,5.70214342948718,5.597450420673077,5.799476662660256,0.13583733974358975,0.13319210737179488,0.13872245592948718,-0.20277110042735044,-0.20797275641025642,-0.19727547409188034,390
llama32_3b,subject,final,18,False,-1.0,3.193890224358974,3.1174444110576927,3.2715184294871795,0.06923076923076923,0.06750801282051282,0.07097355769230769,0.021420940170940168,0.01786808894230769,0.025160924145299142,390
llama32_3b,subject,final,18,False,1.0,5.789342948717949,5.686858473557692,5.883798076923076,0.06864983974358975,0.06698717948717949,0.07037259615384615,0.03028846153846154,0.025240050747863247,0.03533653846153846,390
llama32_3b,subject,final,19,False,-1.0,3.6107572115384614,3.5354126602564104,3.6869411057692307,-0.10721153846153846,-0.10977564102564102,-0.10474759615384616,0.23978365384615385,0.23550297142094015,0.2442442908653846,390
llama32_3b,subject,final,19,False,1.0,5.6860176282051285,5.610586939102564,5.758199118589744,-0.10969551282051282,-0.1123798076923077,-0.10699068509615384,0.3178418803418804,0.31254657451923074,0.32273671207264953,390
llama32_3b,subject,final,20,False,-1.0,2.0598758012820513,1.9534430088141026,2.1627478966346154,-0.02401842948717949,-0.02485977564102564,-0.023157051282051283,-0.25639022435897435,-0.26093098958333333,-0.2517022235576923,390
llama32_3b,subject,final,20,False,1.0,5.845753205128205,5.7637780448717955,5.923724959935897,-0.02512019230769231,-0.026021634615384617,-0.024238782051282052,-0.15711137820512822,-0.16165231036324787,-0.15274405715811964,390
llama32_3b,subject,final,21,False,-1.0,0.7538862179487179,0.6296844951923076,0.872512019230769,0.1971554487179487,0.1930488782051282,0.20132261618589745,-0.05196981837606837,-0.05708483573717949,-0.0466878672542735,390
llama32_3b,subject,final,21,False,1.0,5.621013621794872,5.544291866987179,5.697175981570513,0.19280849358974358,0.18888221153846155,0.1968349358974359,0.0018563034188034187,-0.001509248130341881,0.005335536858974356,390
llama32_3b,subject,final,22,False,-1.0,4.630799278846154,4.458447265625,4.801974909855769,0.1469551282051282,0.14260717147435897,0.15140274439102563,-0.0915798611111111,-0.09411074385683761,-0.08929587339743589,390
llama32_3b,subject,final,22,False,1.0,5.357011217948718,5.297991286057692,5.413604767628205,0.13974358974358975,0.13585637019230767,0.14377003205128205,-0.19293536324786323,-0.19884715544871795,-0.18697215544871795,390
llama32_3b,subject,final,23,False,-1.0,9.408974358974358,9.301453137520033,9.51259759364984,-0.015625,-0.01654697516025641,-0.014723557692307692,-0.1203125,-0.12341095753205128,-0.11706063034188034,390
llama32_3b,subject,final,23,False,1.0,5.444130608974359,5.393383413461538,5.495187299679487,-0.01750801282051282,-0.01842948717948718,-0.01658653846153846,-0.22867922008547012,-0.23494975293803422,-0.22212055956196583,390
llama32_3b,subject,final,24,False,-1.0,8.212650240384615,8.119834610376603,8.299507962740385,0.06043669871794872,0.059314403044871795,0.061578525641025644,-0.09866452991452992,-0.10217097355769232,-0.09510550213675215,390
llama32_3b,subject,final,24,False,1.0,5.7388221153846155,5.684094050480769,5.791829427083333,0.05921474358974359,0.05821314102564103,0.060236378205128206,-0.16813568376068375,-0.17446080395299146,-0.16141793536324786,390
llama32_3b,subject,final,25,False,-1.0,9.827894631410256,9.741946364182692,9.91022191756811,-0.06919070512820513,-0.07081330128205128,-0.06762820512820512,-0.06857638888888888,-0.0719284188034188,-0.06543085603632479,390
llama32_3b,subject,final,25,False,1.0,5.7282652243589745,5.690203325320512,5.7685331530448725,-0.0720352564102564,-0.07375851362179488,-0.0702724358974359,-0.2773303952991453,-0.2811975827991453,-0.2733304954594017,390
llama32_3b,subject,final,26,False,-1.0,10.65181650015024,10.553992665608723,10.744294946132563,-0.09681490384615385,-0.09921875,-0.09445112179487179,0.32658253205128207,0.3239578325320513,0.3292341079059829,390
llama32_3b,subject,final,26,False,1.0,6.559815705128205,6.523855669070513,6.596977664262821,-0.10122195512820513,-0.10374699519230769,-0.09871744791666666,0.08068910256410257,0.07702874599358973,0.08461588541666668,390
llama32_3b,subject,final,27,False,-1.0,12.366316105769231,12.324451372195513,12.410482021233975,-0.12043269230769231,-0.12125400641025641,-0.11961137820512821,0.060376602564102565,0.048917100694444444,0.07149639423076923,390
llama32_3b,subject,final,27,False,1.0,12.140284455128205,12.090188802083333,12.191627103365384,-0.12055288461538462,-0.12139423076923077,-0.11971153846153847,0.6684294871794871,0.6558199786324787,0.6810471754807691,390
llama32_3b,subject,subject,0,True,-1.0,-5.529146634615385,-5.68285406650641,-5.3673843149038465,0.004507211538461538,0.0030849358974358973,0.005969551282051282,0.011912393162393162,0.004452958066239317,0.01915080795940171,390
llama32_3b,subject,subject,0,True,1.0,7.771614583333333,7.660867387820513,7.883399939903846,0.003245192307692308,0.0016821915064102566,0.004707532051282051,0.051148504273504265,0.04260783920940171,0.059035623664529906,390
llama32_3b,subject,subject,1,False,-1.0,-5.529126602564102,-5.666086237980769,-5.393227163461539,0.00078125,-0.00030048076923076925,0.0019035456730769203,-0.05206997863247863,-0.05802751068376069,-0.04612012553418804,390
llama32_3b,subject,subject,1,False,1.0,6.308954326923077,6.20034905849359,6.415427684294872,-0.0006810897435897436,-0.0017427884615384616,0.00042067307692307695,-0.043950320512820516,-0.05006093082264958,-0.03793002136752139,390
llama32_3b,subject,subject,2,False,-1.0,0.09346955128205128,0.07938651842948717,0.10729316907051281,-0.0026442307692307694,-0.0038261217948717947,-0.001422275641025641,-0.007805822649572649,-0.013161558493589746,-0.002349258814102571,390
llama32_3b,subject,subject,2,False,1.0,6.136358173076923,6.02717548076923,6.243833633814103,-0.0042467948717948715,-0.005408653846153846,-0.003125,0.0036925747863247858,-0.00174362313034188,0.009415231036324785,390
llama32_3b,subject,subject,3,False,-1.0,-2.9544871794871796,-3.0641681690705127,-2.846854467147436,-0.0071514423076923074,-0.008213641826923078,-0.006109775641025641,0.014109241452991451,0.009360977564102563,0.019111077724358973,390
llama32_3b,subject,subject,3,False,1.0,5.504627403846154,5.406297075320513,5.601925580929487,-0.007952724358974358,-0.009014923878205128,-0.006911057692307692,0.01376201923076923,0.008920606303418803,0.01863698584401709,390
llama32_3b,subject,subject,4,False,-1.0,-0.19607371794871795,-0.22344000400641026,-0.1717548076923077,0.0005608974358974359,-0.00022085336538461535,0.0013822115384615385,-0.012867254273504271,-0.016600060096153845,-0.00914095886752137,390
llama32_3b,subject,subject,4,False,1.0,5.069971955128205,4.9782797475961535,5.161905548878205,-0.0007612179487179487,-0.0015625,2.0032051282051282e-05,-0.008867521367521367,-0.013368389423076922,-0.004725894764957274,390
llama32_3b,subject,subject,5,False,-1.0,-2.7634014423076922,-2.8865399639423077,-2.6421895032051284,-0.007331730769230769,-0.00843349358974359,-0.006209435096153849,-0.01470352564102564,-0.018377403846153845,-0.011150841346153847,390
llama32_3b,subject,subject,5,False,1.0,5.031730769230769,4.937839543269231,5.119732572115385,-0.008012820512820512,-0.009094551282051283,-0.006970653044871798,0.001622596153846154,-0.0030727497329059825,0.006063701923076919,390
llama32_3b,subject,subject,6,False,-1.0,0.11870993589743589,0.10236378205128205,0.1358183092948718,0.013421474358974358,0.012379807692307692,0.01452323717948718,-0.017901976495726495,-0.021134147970085473,-0.014776809561965813,390
llama32_3b,subject,subject,6,False,1.0,4.894050480769231,4.802940204326923,4.983664362980769,0.013641826923076923,0.012439903846153845,0.014824218749999996,-0.014897168803418803,-0.01826973157051282,-0.011717748397435904,390
llama32_3b,subject,subject,7,False,-1.0,0.1424278846153846,0.13038762019230768,0.15488832131410257,0.0047676282051282055,0.003926282051282051,0.005588942307692308,0.05271768162393163,0.049138621794871794,0.05619023771367521,390
llama32_3b,subject,subject,7,False,1.0,4.653405448717948,4.562269130608974,4.745854867788461,0.0034455128205128204,0.0026041666666666665,0.004286858974358975,0.05721153846153846,0.05439352964743589,0.060169604700854695,390
llama32_3b,subject,subject,8,False,-1.0,0.08944310897435898,0.07628155048076923,0.10272536057692307,0.006229967948717949,0.005408653846153846,0.00703125,0.020846688034188036,0.017955228365384615,0.023731470352564097,390
llama32_3b,subject,subject,8,False,1.0,4.700520833333333,4.6098828125,4.792238080929487,0.004507211538461538,0.0036658653846153846,0.005348557692307692,0.02388488247863248,0.021153512286324786,0.026729433760683763,390
llama32_3b,subject,subject,9,False,-1.0,-0.4289463141025641,-0.4593154046474359,-0.40161258012820517,0.00873397435897436,0.007792467948717949,0.009655448717948718,-0.046440972222222224,-0.04949302216880342,-0.04339543269230769,390
llama32_3b,subject,subject,9,False,1.0,4.701762820512821,4.611837439903846,4.792596153846154,0.008233173076923077,0.007271634615384616,0.009154647435897436,-0.03448851495726496,-0.03707932692307692,-0.031850794604700854,390
llama32_3b,subject,subject,10,False,-1.0,-2.437079326923077,-2.512100861378205,-2.368916266025641,-0.005368589743589744,-0.00625,-0.004546774839743593,-0.03671207264957265,-0.04023788060897436,-0.032919170673076925,390
llama32_3b,subject,subject,10,False,1.0,4.745813301282051,4.6560757211538455,4.834860276442307,-0.0049479166666666664,-0.005789262820512821,-0.0041661658653846185,-0.011838942307692307,-0.015011351495726494,-0.008520132211538464,390
llama32_3b,subject,subject,11,False,-1.0,-0.058653846153846154,-0.06987229567307693,-0.04695412660256411,-0.006149839743589743,-0.0069511217948717945,-0.005288461538461539,-0.03921607905982906,-0.04263504941239316,-0.03599759615384615,390
llama32_3b,subject,subject,11,False,1.0,4.495272435897436,4.410533854166666,4.579588341346154,-0.007391826923076923,-0.008213141025641026,-0.006590544871794872,-0.007739049145299146,-0.011358506944444444,-0.004286858974358975,390
llama32_3b,subject,subject,12,False,-1.0,-2.8763421474358974,-2.9527463942307692,-2.8065444711538463,-0.0059495192307692304,-0.006991185897435898,-0.004927884615384615,0.002837873931623932,-0.0005477096688034187,0.006144664797008539,390
llama32_3b,subject,subject,12,False,1.0,4.47890625,4.395704126602563,4.564186197916667,-0.00625,-0.007271634615384616,-0.005228365384615384,0.022208867521367522,0.019103565705128205,0.02522068643162393,390
llama32_3b,subject,subject,13,False,-1.0,-1.3106770833333334,-1.3782266626602564,-1.2428771033653847,0.010456730769230769,0.00967548076923077,0.011298076923076923,-0.011137820512820513,-0.01416282719017094,-0.008092614850427353,390
llama32_3b,subject,subject,13,False,1.0,4.345352564102564,4.2649564302884615,4.427671274038461,0.010697115384615385,0.009915865384615384,0.01155849358974359,0.02829193376068376,0.0254667467948718,0.03135717147435897,390
llama32_3b,subject,subject,14,False,-1.0,-0.3709535256410256,-0.39761668669871797,-0.34629256810897435,0.005188301282051282,0.004447115384615384,0.005929487179487179,0.07892628205128205,0.07428518963675214,0.08352046607905984,390
llama32_3b,subject,subject,14,False,1.0,4.05693108974359,3.9728350360576923,4.14372295673077,0.003966346153846154,0.0032251602564102562,0.004727564102564102,0.11549145299145298,0.10929286858974359,0.12168853498931623,390
llama32_3b,subject,subject,15,False,-1.0,0.7704126602564103,0.7366566506410256,0.8061553485576923,-0.029427083333333333,-0.03064903846153846,-0.028225160256410257,-0.07023904914529915,-0.07417217548076924,-0.06671324118589743,390
llama32_3b,subject,subject,15,False,1.0,3.9255608974358975,3.8456119791666667,4.007998798076923,-0.02862580128205128,-0.029947916666666668,-0.02730318509615385,0.06121127136752137,0.05688384748931625,0.06581346821581197,390
llama32_3b,subject,subject,16,False,-1.0,-0.5588141025641026,-0.5790665064102564,-0.5394025440705129,0.0003205128205128205,-0.00026041666666666666,0.0009415064102564103,-0.07144764957264957,-0.07417952056623932,-0.06887670272435897,390
llama32_3b,subject,subject,16,False,1.0,1.7835136217948717,1.7416756810897436,1.8268088942307692,-0.0008814102564102564,-0.0015029046474358974,-0.00028044871794871793,-0.07276976495726496,-0.07550096821581197,-0.0700587606837607,390
llama32_3b,subject,subject,17,False,-1.0,0.07333733974358975,0.06458082932692308,0.08201221955128205,0.0241786858974359,0.02311648637820513,0.025220352564102565,0.0483974358974359,0.04630742521367522,0.05070796607905982,390
llama32_3b,subject,subject,17,False,1.0,1.7830929487179488,1.740564903846154,1.8254432091346153,0.024919871794871797,0.023938301282051284,0.025901943108974358,0.052958066239316245,0.050921307425213676,0.05518830128205128,390
llama32_3b,subject,subject,18,False,-1.0,0.07966746794871794,0.06752754407051281,0.09184795673076923,0.013902243589743589,0.01312099358974359,0.01468349358974359,0.04137286324786324,0.03956229967948718,0.0431558827457265,390
llama32_3b,subject,subject,18,False,1.0,1.7836538461538463,1.7421509415064103,1.8255408653846155,0.013381410256410256,0.012620192307692308,0.014122596153846154,0.06047008547008547,0.058466880341880335,0.0625934829059829,390
llama32_3b,subject,subject,19,False,-1.0,0.09126602564102564,0.07529847756410256,0.10749749599358972,-0.014142628205128205,-0.014903846153846155,-0.013401442307692307,-0.007739049145299146,-0.009128104967948721,-0.006396567841880345,390
llama32_3b,subject,subject,19,False,1.0,1.7590945512820513,1.7213912259615385,1.7985491786858974,-0.014583333333333334,-0.015384615384615385,-0.013781550480769234,0.041786858974358965,0.04021718082264957,0.04349008413461538,390
llama32_3b,subject,subject,20,False,-1.0,0.0523036858974359,0.03571464342948718,0.06919421073717948,0.002223557692307692,0.0016426282051282051,0.0028044871794871795,-0.04586672008547009,-0.04817708333333332,-0.04370309161324787,390
llama32_3b,subject,subject,20,False,1.0,1.7510416666666666,1.7119300881410258,1.7909900841346154,0.0012620192307692308,0.0006805889423076923,0.0018234174679487153,0.010683760683760684,0.009214576655982906,0.012132745726495725,390
llama32_3b,subject,subject,21,False,-1.0,-0.32618189102564105,-0.3410657051282051,-0.31153745993589743,0.005749198717948718,0.005128205128205128,0.006310096153846154,0.009208066239316238,0.00817958733974359,0.010316673344017093,390
llama32_3b,subject,subject,21,False,1.0,0.7197716346153846,0.6976928084935897,0.7407056290064102,0.006630608974358974,0.006009615384615385,0.007271634615384616,0.01878338675213675,0.017861745459401713,0.019698350694444446,390
llama32_3b,subject,subject,22,False,-1.0,0.27341746794871796,0.2585136217948718,0.28816155849358976,0.01107772435897436,0.010356570512820512,0.011779346955128202,-0.03653178418803419,-0.03788094284188034,-0.03525624332264957,390
llama32_3b,subject,subject,22,False,1.0,0.7284855769230769,0.7085727163461538,0.7478966346153846,0.010717147435897436,0.010056089743589744,0.011378205128205128,-0.034174679487179484,-0.0353033186431624,-0.033006143162393156,390
llama32_3b,subject,subject,23,False,-1.0,0.013100961538461539,0.011457832532051281,0.014704026442307689,0.00030048076923076925,-0.00016025641025641026,0.00078125,0.003345352564102564,0.0026308760683760686,0.0040798611111111105,390
llama32_3b,subject,subject,23,False,1.0,0.16270032051282052,0.15731119791666667,0.16804937900641026,-0.00020032051282051281,-0.000641025641025641,0.0002403846153846154,0.006463675213675213,0.005709134615384615,0.007244925213675213,390
llama32_3b,subject,subject,24,False,-1.0,0.029006410256410257,0.02720302483974359,0.030789262820512822,0.0007211538461538462,0.00028044871794871793,0.0011823918269230742,0.0023303952991452995,0.0015690104166666663,0.0030849358974358973,390
llama32_3b,subject,subject,24,False,1.0,0.16193910256410257,0.15696965144230768,0.16686899038461536,-0.00010016025641025641,-0.0005208333333333333,0.0003205128205128205,0.010510149572649573,0.009809027777777778,0.011291566506410255,390
llama32_3b,subject,subject,25,False,-1.0,0.02752403846153846,0.026001602564102565,0.029026943108974357,-0.0007011217948717949,-0.0011818910256410256,-0.0002403846153846154,-0.004173344017094017,-0.004834401709401709,-0.003518796741452992,390
llama32_3b,subject,subject,25,False,1.0,0.15544871794871795,0.15066055689102564,0.15993790064102562,-0.001622596153846154,-0.0021233974358974357,-0.0011217948717948717,0.0037927350427350423,0.0031049679487179485,0.004493856837606837,390
llama32_3b,subject,subject,26,False,-1.0,0.019831730769230768,0.018389423076923078,0.02125400641025641,-0.0001201923076923077,-0.0005809294871794872,0.0003405448717948718,-0.007899305555555557,-0.008667200854700853,-0.007178151709401709,390
llama32_3b,subject,subject,26,False,1.0,0.14236778846153847,0.13798026842948719,0.14657502003205128,-0.0007411858974358974,-0.0011418269230769231,-0.0003405448717948718,-0.003298611111111111,-0.003979867788461539,-0.0026375534188034185,390
llama32_3b,subject,subject,27,False,-1.0,0.0,0.0,0.0,0.0,0.0,0.0,0.0,0.0,0.0,390
llama32_3b,subject,subject,27,False,1.0,0.0,0.0,0.0,0.0,0.0,0.0,0.0,0.0,0.0,390
