distance_bucket,role,offset_from_final,offset_from_distractor,token_pos,token_str,model_tag,aux_pair,layers,real_mean,real_ci_lo,real_ci_hi,rand_mean,rand_ci_lo,rand_ci_hi,real_vs_rand,peak_layer,n_items,n_rows
extra_long,between_subject_distractor,-22,-3,3, of,llama32_3b,be_present,1+,1.1724537037037037,1.1724537037037037,1.1724537037037037,0.007233796296296296,0.007233796296296296,0.007233796296296296,1.1652199074074074,1,1,27
extra_long,between_subject_distractor,-21,-2,3, of,llama32_3b,be_present,1+,1.1111257248410025,1.0493972567106247,1.181543516764871,0.004503951552562664,0.002104157898428732,0.006959788860830528,1.1066217732884398,1,99,2673
extra_long,between_subject_distractor,-21,-2,4, the,llama32_3b,be_present,1+,0.18287037037037038,0.18287037037037038,0.18287037037037038,0.005208333333333333,0.005208333333333333,0.005208333333333333,0.17766203703703703,4,1,27
extra_long,between_subject_distractor,-20,-1,4, the,llama32_3b,be_present,1+,0.12732650579872803,0.1148807227366255,0.1408843206369248,-0.0009440469509913954,-0.0021979049756827534,0.0002105107790871678,0.12638245884773663,4,99,2673
extra_long,between_subject_distractor,-20,-1,5, coordin,llama32_3b,be_present,1+,0.07060185185185185,0.07060185185185185,0.07060185185185185,0.0028935185185185184,0.0028935185185185184,0.0028935185185185184,0.06770833333333333,13,1,27
extra_long,distractor,-19,0,5, actors,llama32_3b,be_present,1+,0.1578414351851852,0.11979166666666666,0.1812065972222222,-0.006293402777777778,-0.01736111111111111,0.0027488425925925927,0.1515480324074074,19,4,108
extra_long,distractor,-19,0,5, administrators,llama32_3b,be_present,1+,0.16984953703703703,0.16984953703703703,0.16984953703703703,-0.048900462962962965,-0.048900462962962965,-0.048900462962962965,0.12094907407407407,15,1,27
extra_long,distractor,-19,0,5, advisors,llama32_3b,be_present,1+,0.13483796296296297,0.07508680555555555,0.1948784722222222,-0.004123263888888889,-0.007595486111111111,-0.0006510416666666667,0.13071469907407407,20,4,108
extra_long,distractor,-19,0,5, analysts,llama32_3b,be_present,1+,0.22029320987654322,0.1947337962962963,0.2633101851851852,-0.023533950617283955,-0.029513888888888885,-0.011863425925925925,0.19675925925925927,20,3,81
extra_long,distractor,-19,0,5, artists,llama32_3b,be_present,1+,0.08868634259259259,0.08130787037037036,0.09606481481481481,-0.004340277777777778,-0.008101851851851851,-0.0005787037037037037,0.08434606481481481,19,2,54
extra_long,distractor,-19,0,5, assistants,llama32_3b,be_present,1+,0.16435185185185186,0.16435185185185186,0.16435185185185186,-0.011284722222222222,-0.011284722222222222,-0.011284722222222222,0.15306712962962965,19,1,27
extra_long,distractor,-19,0,5, chefs,llama32_3b,be_present,1+,0.15808256172839508,0.10517939814814815,0.20806688850308644,-0.011574074074074075,-0.015721450617283948,-0.008101851851851851,0.146508487654321,19,6,162
extra_long,distractor,-19,0,5, consultants,llama32_3b,be_present,1+,0.17592592592592593,0.17592592592592593,0.17592592592592593,0.012152777777777778,0.012152777777777778,0.012152777777777778,0.16377314814814814,20,1,27
extra_long,distractor,-19,0,5, contractors,llama32_3b,be_present,1+,0.21889467592592593,0.189453125,0.248046875,-0.001374421296296296,-0.01244212962962963,0.009693287037037037,0.21752025462962962,19,4,108
extra_long,distractor,-19,0,5, customers,llama32_3b,be_present,1+,0.11813822751322751,0.09990906084656086,0.13212012235449733,-0.006076388888888889,-0.01281415343915344,0.00033895502645501916,0.11206183862433862,19,7,189
extra_long,distractor,-19,0,5, designers,llama32_3b,be_present,1+,0.13642939814814814,0.12094907407407407,0.1519097222222222,-0.026765046296296297,-0.028356481481481483,-0.025173611111111112,0.10966435185185185,20,2,54
extra_long,distractor,-19,0,5, developers,llama32_3b,be_present,1+,0.09866898148148148,0.09866898148148148,0.09866898148148148,-0.01765046296296296,-0.01765046296296296,-0.01765046296296296,0.08101851851851852,19,1,27
extra_long,distractor,-19,0,5, directors,llama32_3b,be_present,1+,0.3068094135802469,0.1947337962962963,0.4007523148148148,-0.005111882716049382,-0.028645833333333332,0.01880787037037037,0.3016975308641975,15,3,81
extra_long,distractor,-19,0,5, doctors,llama32_3b,be_present,1+,0.07219328703703703,0.004412615740740742,0.13585069444444445,-0.008391203703703703,-0.013599537037037037,-0.003472222222222222,0.06380208333333333,19,4,108
extra_long,distractor,-19,0,5, drivers,llama32_3b,be_present,1+,0.09903067129629631,0.04687500000000001,0.13585069444444445,-0.01830150462962963,-0.02495659722222222,-0.010850694444444446,0.08072916666666669,19,4,108
extra_long,distractor,-19,0,5, employees,llama32_3b,be_present,1+,0.11342592592592593,0.09924768518518519,0.12355324074074074,-0.008101851851851851,-0.015046296296296295,-0.0023148148148148147,0.10532407407407408,19,3,81
extra_long,distractor,-19,0,5, engineers,llama32_3b,be_present,1+,0.15914351851851852,0.08362268518518519,0.20688657407407407,0.0054976851851851844,-0.013310185185185184,0.019965277777777776,0.15364583333333334,15,3,81
extra_long,distractor,-19,0,5, farmers,llama32_3b,be_present,1+,0.07175925925925926,0.06655092592592593,0.07494212962962964,-0.0047260802469135796,-0.016203703703703703,0.00318287037037037,0.06703317901234568,6,3,81
extra_long,distractor,-19,0,5, inspectors,llama32_3b,be_present,1+,0.18518518518518517,0.1490162037037037,0.22135416666666666,0.005208333333333333,0.003472222222222222,0.006944444444444444,0.17997685185185183,19,2,54
extra_long,distractor,-19,0,5, lawyers,llama32_3b,be_present,1+,0.09693287037037036,0.09693287037037036,0.09693287037037036,-0.008680555555555556,-0.008680555555555556,-0.008680555555555556,0.08825231481481481,20,1,27
extra_long,distractor,-19,0,5, leaders,llama32_3b,be_present,1+,0.07494212962962964,0.07494212962962964,0.07494212962962964,-0.007523148148148148,-0.007523148148148148,-0.007523148148148148,0.06741898148148148,19,1,27
extra_long,distractor,-19,0,5, managers,llama32_3b,be_present,1+,0.18229166666666666,0.18229166666666666,0.18229166666666666,-0.01273148148148148,-0.01273148148148148,-0.01273148148148148,0.16956018518518517,19,1,27
extra_long,distractor,-19,0,5, members,llama32_3b,be_present,1+,0.04861111111111111,0.03269675925925926,0.06452546296296297,-0.00043402777777777775,-0.004629629629629629,0.003761574074074074,0.048177083333333336,19,2,54
extra_long,distractor,-19,0,5, nurses,llama32_3b,be_present,1+,0.09331597222222221,0.08969907407407407,0.09693287037037036,0.0017361111111111114,-0.004918981481481482,0.008391203703703705,0.0915798611111111,19,2,54
extra_long,distractor,-19,0,5, officers,llama32_3b,be_present,1+,0.3058449074074074,0.3058449074074074,0.3058449074074074,0.007523148148148148,0.007523148148148148,0.007523148148148148,0.29832175925925924,6,1,27
extra_long,distractor,-19,0,5, operators,llama32_3b,be_present,1+,0.15755208333333334,0.1189236111111111,0.22374131944444445,0.00021701388888888888,-0.005135995370370371,0.004195601851851851,0.15733506944444445,20,4,108
extra_long,distractor,-19,0,5, owners,llama32_3b,be_present,1+,0.13261959876543208,0.09375,0.1623263888888889,-0.010127314814814815,-0.024305555555555556,0.007523148148148148,0.12249228395061727,2,3,81
extra_long,distractor,-19,0,5, pilots,llama32_3b,be_present,1+,0.1072048611111111,0.09837962962962964,0.11603009259259259,0.0007233796296296302,-0.006944444444444444,0.008391203703703705,0.10648148148148147,20,2,54
extra_long,distractor,-19,0,5, players,llama32_3b,be_present,1+,0.11906828703703703,0.08304398148148148,0.1550925925925926,-0.004050925925925927,-0.015625,0.007523148148148148,0.1150173611111111,19,2,54
extra_long,distractor,-19,0,5, representatives,llama32_3b,be_present,1+,0.09620949074074074,0.07450810185185186,0.11906828703703705,-0.020109953703703703,-0.025318287037037035,-0.01326195987654321,0.07609953703703703,19,6,162
extra_long,distractor,-19,0,5, researchers,llama32_3b,be_present,1+,0.1964699074074074,0.1964699074074074,0.1964699074074074,-0.01244212962962963,-0.01244212962962963,-0.01244212962962963,0.1840277777777778,15,1,27
extra_long,distractor,-19,0,5, specialists,llama32_3b,be_present,1+,0.08912037037037038,0.0763888888888889,0.10185185185185185,-0.00390625,-0.008680555555555556,0.0008680555555555555,0.08521412037037038,20,2,54
extra_long,distractor,-19,0,5, students,llama32_3b,be_present,1+,0.31741898148148145,0.31741898148148145,0.31741898148148145,-0.01273148148148148,-0.01273148148148148,-0.01273148148148148,0.3046875,2,1,27
extra_long,distractor,-19,0,5, supervisors,llama32_3b,be_present,1+,0.20124421296296297,0.13570601851851852,0.2667824074074074,0.01316550925925926,0.0026041666666666665,0.023726851851851853,0.1880787037037037,15,2,54
extra_long,distractor,-19,0,5, teachers,llama32_3b,be_present,1+,0.06611689814814815,0.037905092592592594,0.0943287037037037,-0.01273148148148148,-0.021701388888888888,-0.003761574074074074,0.05338541666666667,19,2,54
extra_long,distractor,-19,0,5, technicians,llama32_3b,be_present,1+,0.17332175925925927,0.12962962962962962,0.23032407407407407,-0.008680555555555554,-0.016203703703703703,-0.001736111111111111,0.16464120370370372,20,3,81
extra_long,distractor,-19,0,5, visitors,llama32_3b,be_present,1+,0.14134837962962962,0.10966435185185185,0.1730324074074074,-0.002604166666666667,-0.004918981481481482,-0.00028935185185185184,0.13874421296296297,19,2,54
extra_long,distractor,-19,0,5, workers,llama32_3b,be_present,1+,0.10040509259259259,0.10040509259259259,0.10040509259259259,-0.005208333333333333,-0.005208333333333333,-0.005208333333333333,0.09519675925925926,6,1,27
extra_long,distractor,-19,0,5, writers,llama32_3b,be_present,1+,0.1271701388888889,0.08333333333333333,0.17100694444444445,-0.016782407407407406,-0.017361111111111112,-0.016203703703703703,0.11038773148148148,19,2,54
extra_long,distractor,-19,0,6,ators,llama32_3b,be_present,1+,0.12702546296296297,0.12702546296296297,0.12702546296296297,0.004629629629629629,0.004629629629629629,0.004629629629629629,0.12239583333333334,19,1,27
extra_long,filler_after_distractor,-18,1,6,",",llama32_3b,be_present,1+,0.6391051720912831,0.5853722409277964,0.6932770266320614,0.000540708005985784,-0.0011635451739618406,0.002257090581743359,0.6385644640852973,15,99,2673
extra_long,filler_after_distractor,-18,1,7,",",llama32_3b,be_present,1+,0.8029513888888888,0.8029513888888888,0.8029513888888888,0.013599537037037037,0.013599537037037037,0.013599537037037037,0.7893518518518517,15,1,27
extra_long,filler_after_distractor,-17,2,7, quite,llama32_3b,be_present,1+,0.21949530022446692,0.2032302919238683,0.23633711244388328,0.0011778666292555182,-1.797488776655462e-05,0.0023878834642723527,0.2183174335952114,15,99,2673
extra_long,filler_after_distractor,-17,2,8, quite,llama32_3b,be_present,1+,0.26186342592592593,0.26186342592592593,0.26186342592592593,0.008101851851851851,0.008101851851851851,0.008101851851851851,0.25376157407407407,10,1,27
extra_long,filler_after_distractor,-16,3,8, clearly,llama32_3b,be_present,1+,0.2724408436213992,0.2546299949728769,0.2912568246118593,0.0023411195286195284,0.0011924072904975684,0.0035221281098017205,0.27009972409277966,13,99,2673
extra_long,filler_after_distractor,-16,3,9, clearly,llama32_3b,be_present,1+,0.3229166666666667,0.3229166666666667,0.3229166666666667,0.00636574074074074,0.00636574074074074,0.00636574074074074,0.31655092592592593,10,1,27
extra_long,filler_after_distractor,-15,4,9,",",llama32_3b,be_present,1+,0.6390554854096521,0.6008316673681257,0.6796380325243171,-0.011556537598204264,-0.013006292672091283,-0.01011255494762439,0.6274989478114478,19,99,2673
extra_long,filler_after_distractor,-15,4,10,",",llama32_3b,be_present,1+,0.53125,0.53125,0.53125,-0.01070601851851852,-0.01070601851851852,-0.01070601851851852,0.5205439814814815,19,1,27
extra_long,filler_after_distractor,-14,5,10, rather,llama32_3b,be_present,1+,0.22843598017209132,0.21934828610175833,0.2372965768799102,-0.0025661709689487463,-0.0037031191545080426,-0.0013356949120838007,0.2258698092031426,15,99,2673
extra_long,filler_after_distractor,-14,5,11, rather,llama32_3b,be_present,1+,0.2042824074074074,0.2042824074074074,0.2042824074074074,0.003472222222222222,0.003472222222222222,0.003472222222222222,0.2008101851851852,19,1,27
extra_long,filler_after_distractor,-13,6,11, obviously,llama32_3b,be_present,1+,0.38229225121586236,0.3632843188832773,0.4018195555087916,0.012237537411148523,0.010694108328656941,0.013845413042461653,0.37005471380471383,19,99,2673
extra_long,filler_after_distractor,-13,6,12, obviously,llama32_3b,be_present,1+,0.4322916666666667,0.4322916666666667,0.4322916666666667,0.014467592592592593,0.014467592592592593,0.014467592592592593,0.41782407407407407,19,1,27
extra_long,filler_after_distractor,-12,7,12,",",llama32_3b,be_present,1+,0.2971205106621773,0.2856191398943135,0.308876744879349,-0.00031857931163486715,-0.0013736906098017207,0.0008330556724653946,0.29680193135054245,19,99,2673
extra_long,filler_after_distractor,-12,7,13,",",llama32_3b,be_present,1+,0.3431712962962963,0.3431712962962963,0.3431712962962963,0.0026041666666666665,0.0026041666666666665,0.0026041666666666665,0.3405671296296296,19,1,27
extra_long,filler_after_distractor,-11,8,13, as,llama32_3b,be_present,1+,0.10219089038533481,0.0990626753647587,0.10535943930041151,0.0035277543958099514,0.002563175154320988,0.0045509346941638605,0.09866313598952486,13,99,2673
extra_long,filler_after_distractor,-11,8,14, as,llama32_3b,be_present,1+,0.11313657407407407,0.11313657407407407,0.11313657407407407,0.009259259259259259,0.009259259259259259,0.009259259259259259,0.10387731481481481,13,1,27
extra_long,filler_after_distractor,-10,9,14, expected,llama32_3b,be_present,1+,0.3414322624392069,0.3255184951365507,0.3573853406752713,0.010036709689487468,0.008495764941077443,0.011487049312570146,0.33139555274971944,19,99,2673
extra_long,filler_after_distractor,-10,9,15, expected,llama32_3b,be_present,1+,0.40653935185185186,0.40653935185185186,0.40653935185185186,0.021701388888888888,0.021701388888888888,0.021701388888888888,0.38483796296296297,19,1,27
extra_long,filler_after_distractor,-9,10,15,",",llama32_3b,be_present,1+,1.0617196268237936,1.0098718668163114,1.114980607580434,0.0025983211747100635,0.0009147464225589226,0.004229359567901234,1.0591213056490836,20,99,2673
extra_long,filler_after_distractor,-9,10,16,",",llama32_3b,be_present,1+,1.3113425925925926,1.3113425925925926,1.3113425925925926,0.008391203703703705,0.008391203703703705,0.008391203703703705,1.3029513888888888,15,1,27
extra_long,filler_after_distractor,-8,11,16, at,llama32_3b,be_present,1+,0.12390981575009354,0.11852860199214366,0.12939106048915075,0.000344884025439581,-0.0006459268612046389,0.001280308875794987,0.12356493172465395,15,99,2673
extra_long,filler_after_distractor,-8,11,17, at,llama32_3b,be_present,1+,0.1495949074074074,0.1495949074074074,0.1495949074074074,0.007523148148148148,0.007523148148148148,0.007523148148148148,0.14207175925925927,3,1,27
extra_long,filler_after_distractor,-7,12,17, least,llama32_3b,be_present,1+,0.07317094556677889,0.07020676966423493,0.07608302352225964,0.006105616348671906,0.004954054433221101,0.007219328703703704,0.06706532921810698,13,99,2673
extra_long,filler_after_distractor,-7,12,18, least,llama32_3b,be_present,1+,0.0630787037037037,0.0630787037037037,0.0630787037037037,0.010127314814814815,0.010127314814814815,0.010127314814814815,0.052951388888888895,13,1,27
extra_long,filler_after_distractor,-6,13,18, for,llama32_3b,be_present,1+,0.060582678638234196,0.05801570391414141,0.06306050960998878,-0.0006283903853348298,-0.001663042461653573,0.0004413346427235316,0.05995428825289936,13,99,2673
extra_long,filler_after_distractor,-6,13,19, for,llama32_3b,be_present,1+,0.05787037037037037,0.05787037037037037,0.05787037037037037,0.0023148148148148147,0.0023148148148148147,0.0023148148148148147,0.05555555555555555,13,1,27
extra_long,filler_after_distractor,-5,14,19, now,llama32_3b,be_present,1+,0.3596438926300037,0.3469648013701833,0.373658678801908,0.0008505190796857463,-0.00029870463898241673,0.0020316737981668533,0.35879337355031793,19,99,2673
extra_long,filler_after_distractor,-5,14,20, now,llama32_3b,be_present,1+,0.38310185185185186,0.38310185185185186,0.38310185185185186,0.014178240740740741,0.014178240740740741,0.014178240740740741,0.3689236111111111,19,1,27
extra_long,filler_after_distractor,-4,15,20,",",llama32_3b,be_present,1+,0.6120668490460156,0.586769532711373,0.6384982638888889,-0.007797886270108493,-0.008929208169659558,-0.0066111783342686125,0.6042689627759071,20,99,2673
extra_long,filler_after_distractor,-4,15,21,",",llama32_3b,be_present,1+,0.7798032407407407,0.7798032407407407,0.7798032407407407,-0.0028935185185185184,-0.0028935185185185184,-0.0028935185185185184,0.7769097222222222,20,1,27
extra_long,filler_after_distractor,-3,16,21, in,llama32_3b,be_present,1+,0.08625023381967827,0.08390166128881409,0.08846362934904602,-0.0007160727646838758,-0.0018267162364384584,0.0003686313365132806,0.0855341610549944,19,99,2673
extra_long,filler_after_distractor,-3,16,22, in,llama32_3b,be_present,1+,0.08998842592592593,0.08998842592592593,0.08998842592592593,0.00318287037037037,0.00318287037037037,0.00318287037037037,0.08680555555555557,13,1,27
extra_long,filler_after_distractor,-2,17,22, most,llama32_3b,be_present,1+,0.06238016741488963,0.059673193158436215,0.06490249719416386,-0.00031273381967826416,-0.001306613589599701,0.0007073775953984286,0.062067433595211365,19,99,2673
extra_long,filler_after_distractor,-2,17,23, most,llama32_3b,be_present,1+,0.056712962962962965,0.056712962962962965,0.056712962962962965,0.0028935185185185184,0.0028935185185185184,0.0028935185185185184,0.05381944444444445,19,1,27
extra_long,filler_after_distractor,-1,18,23, cases,llama32_3b,be_present,1+,0.14685921717171718,0.142085934577254,0.15141073641507669,0.0017185746352413019,0.0003974934530490087,0.002917850378787878,0.14514064253647588,19,99,2673
extra_long,filler_after_distractor,-1,18,24, cases,llama32_3b,be_present,1+,0.12008101851851852,0.12008101851851852,0.12008101851851852,0.008969907407407407,0.008969907407407407,0.008969907407407407,0.1111111111111111,19,1,27
extra_long,final,0,19,24,",",llama32_3b,be_present,1+,2.327563832772166,2.2967244785821173,2.3569433484147027,-2.0459221848110654e-05,-0.001821601430976431,0.0017100256032547695,2.3275433735503177,27,99,2673
extra_long,final,0,19,25,",",llama32_3b,be_present,1+,2.373263888888889,2.373263888888889,2.373263888888889,-0.00318287037037037,-0.00318287037037037,-0.00318287037037037,2.3700810185185186,27,1,27
extra_long,prefix_before_subject,-24,-5,1,The,llama32_3b,be_present,1+,0.11429398148148148,0.11429398148148148,0.11429398148148148,0.005208333333333333,0.005208333333333333,0.005208333333333333,0.10908564814814815,6,1,27
extra_long,prefix_before_subject,-23,-4,1,The,llama32_3b,be_present,1+,0.09433454919566031,0.08750087682379351,0.10177936775158997,0.00024843340815563044,-0.0008331287411148523,0.0013679181864945755,0.09408611578750468,13,99,2673
extra_long,subject,-23,-4,2, director,llama32_3b,be_present,1+,1.6053240740740742,1.6053240740740742,1.6053240740740742,0.01070601851851852,0.01070601851851852,0.01070601851851852,1.5946180555555556,1,1,27
extra_long,subject,-22,-3,2, administrator,llama32_3b,be_present,1+,1.8499710648148149,1.7019675925925926,1.997974537037037,0.003472222222222222,0.0008680555555555555,0.006076388888888889,1.8464988425925926,1,2,54
extra_long,subject,-22,-3,2, advisor,llama32_3b,be_present,1+,1.6791087962962963,1.6006944444444444,1.7575231481481481,0.007523148148148149,0.006076388888888889,0.008969907407407407,1.6715856481481481,2,2,54
extra_long,subject,-22,-3,2, analyst,llama32_3b,be_present,1+,1.5914351851851851,1.5914351851851851,1.5914351851851851,-0.00636574074074074,-0.00636574074074074,-0.00636574074074074,1.5850694444444444,1,1,27
extra_long,subject,-22,-3,2, artist,llama32_3b,be_present,1+,1.1766975308641976,0.9641203703703703,1.4427083333333333,-0.009162808641975308,-0.02228009259259259,0.00028935185185185184,1.1675347222222223,1,3,81
extra_long,subject,-22,-3,2, assistant,llama32_3b,be_present,1+,1.3061342592592593,1.3061342592592593,1.3061342592592593,0.013020833333333334,0.013020833333333334,0.013020833333333334,1.293113425925926,1,1,27
extra_long,subject,-22,-3,2, chef,llama32_3b,be_present,1+,1.7466724537037035,1.5958152488425927,1.9077160493827163,0.006655092592592592,4.7019675925926204e-05,0.013310185185185184,1.740017361111111,1,6,162
extra_long,subject,-22,-3,2, consultant,llama32_3b,be_present,1+,1.65576774691358,1.5873842592592593,1.767650462962963,0.016107253086419752,0.01099537037037037,0.025173611111111115,1.6396604938271604,1,3,81
extra_long,subject,-22,-3,2, contractor,llama32_3b,be_present,1+,1.509693287037037,1.4806134259259258,1.5387731481481481,-0.004195601851851851,-0.0078125,-0.0005787037037037037,1.5054976851851851,1,2,54
extra_long,subject,-22,-3,2, coordinator,llama32_3b,be_present,1+,1.893132716049383,1.5619212962962965,2.1553819444444446,0.01070601851851852,0.009837962962962963,0.011863425925925925,1.8824266975308643,1,3,81
extra_long,subject,-22,-3,2, customer,llama32_3b,be_present,1+,0.8139467592592593,0.8139467592592593,0.8139467592592593,0.0005787037037037037,0.0005787037037037037,0.0005787037037037037,0.8133680555555556,1,1,27
extra_long,subject,-22,-3,2, designer,llama32_3b,be_present,1+,2.0629340277777777,1.9143518518518519,2.2115162037037037,0.009259259259259259,0.008969907407407407,0.009548611111111112,2.0536747685185186,1,2,54
extra_long,subject,-22,-3,2, developer,llama32_3b,be_present,1+,2.235821759259259,2.235821759259259,2.235821759259259,0.02025462962962963,0.02025462962962963,0.02025462962962963,2.2155671296296293,1,1,27
extra_long,subject,-22,-3,2, director,llama32_3b,be_present,1+,1.5267650462962963,1.3355034722222223,1.7568721064814814,0.002387152777777778,-0.0018084490740740739,0.005787037037037037,1.5243778935185186,1,4,108
extra_long,subject,-22,-3,2, doctor,llama32_3b,be_present,1+,0.8506944444444444,0.8506944444444444,0.8506944444444444,0.005497685185185185,0.005497685185185185,0.005497685185185185,0.8451967592592592,1,1,27
extra_long,subject,-22,-3,2, driver,llama32_3b,be_present,1+,2.2388599537037037,2.0442708333333335,2.433449074074074,0.005353009259259259,0.004340277777777778,0.00636574074074074,2.2335069444444446,1,2,54
extra_long,subject,-22,-3,2, employee,llama32_3b,be_present,1+,1.066550925925926,0.9904513888888888,1.142650462962963,0.001736111111111111,-0.0005787037037037037,0.004050925925925926,1.0648148148148149,1,2,54
extra_long,subject,-22,-3,2, engineer,llama32_3b,be_present,1+,1.600636574074074,1.4320023148148149,1.7155092592592596,-0.002719907407407408,-0.008969907407407407,0.0015697337962962898,1.5979166666666667,1,5,135
extra_long,subject,-22,-3,2, farmer,llama32_3b,be_present,1+,1.8674768518518519,1.6866319444444444,2.029513888888889,-0.0017361111111111108,-0.008969907407407407,0.008391203703703705,1.8657407407407407,1,3,81
extra_long,subject,-22,-3,2, inspector,llama32_3b,be_present,1+,1.6199363425925926,1.6180555555555556,1.6218171296296295,-0.00043402777777777754,-0.00636574074074074,0.005497685185185185,1.6195023148148149,1,2,54
extra_long,subject,-22,-3,2, lawyer,llama32_3b,be_present,1+,1.3804976851851851,1.3133680555555556,1.4476273148148149,0.012297453703703703,0.010127314814814815,0.014467592592592593,1.3682002314814814,1,2,54
extra_long,subject,-22,-3,2, leader,llama32_3b,be_present,1+,1.6866319444444444,1.6302083333333333,1.7430555555555556,0.008101851851851853,0.006655092592592593,0.009548611111111112,1.6785300925925926,2,2,54
extra_long,subject,-22,-3,2, manager,llama32_3b,be_present,1+,2.0205439814814814,1.9305555555555556,2.1105324074074074,-0.006944444444444445,-0.011863425925925927,-0.002025462962962963,2.0135995370370368,2,2,54
extra_long,subject,-22,-3,2, member,llama32_3b,be_present,1+,1.4248649691358024,1.341724537037037,1.587962962962963,0.0056905864197530865,0.002893518518518519,0.009259259259259259,1.4191743827160492,1,3,81
extra_long,subject,-22,-3,2, nurse,llama32_3b,be_present,1+,1.7228009259259258,1.5515046296296298,1.8770254629629628,-0.00802951388888889,-0.014250578703703706,-0.0011574074074074073,1.714771412037037,1,4,108
extra_long,subject,-22,-3,2, officer,llama32_3b,be_present,1+,1.7550154320987652,1.658275462962963,1.8466435185185184,0.009837962962962963,0.007523148148148148,0.011863425925925925,1.7451774691358022,1,3,81
extra_long,subject,-22,-3,2, operator,llama32_3b,be_present,1+,1.4653742283950617,0.9450231481481483,1.7936921296296295,0.008005401234567902,-0.00028935185185185184,0.020543981481481483,1.4573688271604939,1,3,81
extra_long,subject,-22,-3,2, owner,llama32_3b,be_present,1+,1.7347800925925925,1.6155671296296297,1.860648148148148,-0.0016782407407407406,-0.004918981481481481,0.0004629629629629629,1.7331018518518517,1,5,135
extra_long,subject,-22,-3,2, pilot,llama32_3b,be_present,1+,1.5863715277777777,1.4032841435185186,1.7486979166666667,0.006293402777777778,0.004123263888888889,0.008463541666666668,1.580078125,1,4,108
extra_long,subject,-22,-3,2, player,llama32_3b,be_present,1+,1.3787615740740742,1.3787615740740742,1.3787615740740742,0.005497685185185185,0.005497685185185185,0.005497685185185185,1.373263888888889,1,1,27
extra_long,subject,-22,-3,2, representative,llama32_3b,be_present,1+,1.8590856481481481,1.6154513888888888,2.1027199074074074,-0.0024594907407407404,-0.003472222222222222,-0.0014467592592592592,1.8566261574074074,1,2,54
extra_long,subject,-22,-3,2, researcher,llama32_3b,be_present,1+,1.4937307098765433,1.3758680555555556,1.5830439814814816,0.00626929012345679,-0.0026041666666666665,0.016203703703703703,1.4874614197530864,1,3,81
extra_long,subject,-22,-3,2, student,llama32_3b,be_present,1+,1.353491512345679,1.15625,1.7152777777777777,0.008777006172839505,0.003761574074074074,0.013599537037037037,1.3447145061728394,1,3,81
extra_long,subject,-22,-3,2, supervisor,llama32_3b,be_present,1+,1.8695023148148149,1.8695023148148149,1.8695023148148149,0.00636574074074074,0.00636574074074074,0.00636574074074074,1.8631365740740742,1,1,27
extra_long,subject,-22,-3,2, teacher,llama32_3b,be_present,1+,1.4318576388888888,1.1417100694444444,1.677734375,0.007089120370370371,0.002821180555555555,0.010127314814814815,1.4247685185185184,1,4,108
extra_long,subject,-22,-3,2, technician,llama32_3b,be_present,1+,1.7951388888888886,1.7806712962962965,1.8171296296296295,0.007137345679012346,-0.0014467592592592594,0.014178240740740741,1.7880015432098764,2,3,81
extra_long,subject,-22,-3,2, visitor,llama32_3b,be_present,1+,1.0619212962962963,1.0619212962962963,1.0619212962962963,-0.0026041666666666665,-0.0026041666666666665,-0.0026041666666666665,1.0593171296296295,1,1,27
extra_long,subject,-22,-3,2, volunteer,llama32_3b,be_present,1+,0.9728009259259259,0.9728009259259259,0.9728009259259259,0.0028935185185185184,0.0028935185185185184,0.0028935185185185184,0.9699074074074074,1,1,27
extra_long,subject,-22,-3,2, worker,llama32_3b,be_present,1+,1.5653935185185186,1.5653935185185186,1.5653935185185186,0.006076388888888889,0.006076388888888889,0.006076388888888889,1.5593171296296298,1,1,27
extra_long,subject,-22,-3,2, writer,llama32_3b,be_present,1+,1.3825231481481481,1.2633217592592592,1.4834490740740738,0.00486111111111111,0.0005787037037037036,0.008391203703703703,1.377662037037037,1,5,135
long,between_subject_distractor,-13,-3,3, of,llama32_3b,be_present,1+,1.3876350308641978,1.1197916666666667,1.5732060185185184,0.0023148148148148147,0.00028935185185185184,0.004918981481481482,1.385320216049383,1,3,81
long,between_subject_distractor,-12,-2,3, of,llama32_3b,be_present,1+,1.4200464156166475,1.3517054606958763,1.4858650874618171,0.007350133638793433,0.004897280092592592,0.009721700195685377,1.4126962819778541,1,97,2619
long,between_subject_distractor,-12,-2,4, the,llama32_3b,be_present,1+,0.21875,0.1015625,0.30266203703703703,0.002700617283950617,-0.00028935185185185184,0.006655092592592592,0.21604938271604937,4,3,81
long,between_subject_distractor,-11,-1,4, the,llama32_3b,be_present,1+,0.1532729572355861,0.13855464275486826,0.1675918468403971,0.0005458906071019473,-0.0007757314337533411,0.0017990525964108437,0.15272706662848415,4,97,2619
long,between_subject_distractor,-11,-1,5, coordin,llama32_3b,be_present,1+,0.11217206790123457,0.0943287037037037,0.1255787037037037,-0.005401234567901234,-0.016493055555555556,0.00028935185185185184,0.10677083333333334,6,3,81
long,distractor,-10,0,5, actors,llama32_3b,be_present,1+,0.21556712962962962,0.21556712962962962,0.21556712962962962,-0.004918981481481482,-0.004918981481481482,-0.004918981481481482,0.21064814814814814,19,1,27
long,distractor,-10,0,5, administrators,llama32_3b,be_present,1+,0.2725694444444444,0.25810185185185186,0.2864583333333333,-0.03096064814814815,-0.04369212962962963,-0.022569444444444444,0.24160879629629628,19,3,81
long,distractor,-10,0,5, advisors,llama32_3b,be_present,1+,0.20146122685185186,0.1310763888888889,0.2706886574074074,-0.0035445601851851853,-0.010561342592592593,0.005208333333333333,0.19791666666666669,19,4,108
long,distractor,-10,0,5, analysts,llama32_3b,be_present,1+,0.1470871913580247,0.10300925925925926,0.1730324074074074,-0.025655864197530864,-0.03501157407407408,-0.013888888888888888,0.12143132716049383,19,3,81
long,distractor,-10,0,5, artists,llama32_3b,be_present,1+,0.21976273148148148,0.07957175925925926,0.3599537037037037,-0.025752314814814815,-0.02662037037037037,-0.02488425925925926,0.19401041666666666,19,2,54
long,distractor,-10,0,5, assistants,llama32_3b,be_present,1+,0.22923900462962965,0.17158564814814814,0.2973813657407407,0.015842013888888888,0.005353009259259259,0.028501157407407406,0.21339699074074076,19,4,108
long,distractor,-10,0,5, chefs,llama32_3b,be_present,1+,0.2071759259259259,0.15393518518518517,0.26591435185185186,-0.021412037037037035,-0.04398148148148148,-0.008680555555555556,0.18576388888888887,19,3,81
long,distractor,-10,0,5, consultants,llama32_3b,be_present,1+,0.2445746527777778,0.19169560185185186,0.3036024305555556,0.003616898148148148,-0.0011574074074074073,0.01099537037037037,0.24095775462962965,19,4,108
long,distractor,-10,0,5, contractors,llama32_3b,be_present,1+,0.27305169753086417,0.22395833333333334,0.3098958333333333,0.0056905864197530865,-0.01678240740740741,0.020833333333333332,0.2673611111111111,19,3,81
long,distractor,-10,0,5, customers,llama32_3b,be_present,1+,0.19603587962962962,0.18019386574074073,0.21607349537037035,-0.00043402777777777786,-0.003833912037037037,0.002965856481481481,0.19560185185185183,19,4,108
long,distractor,-10,0,5, designers,llama32_3b,be_present,1+,0.12427662037037036,0.0625,0.18605324074074073,-0.032552083333333336,-0.04050925925925926,-0.02459490740740741,0.09172453703703703,19,2,54
long,distractor,-10,0,5, developers,llama32_3b,be_present,1+,0.21180555555555555,0.21180555555555555,0.21180555555555555,-0.015335648148148149,-0.015335648148148149,-0.015335648148148149,0.1964699074074074,20,1,27
long,distractor,-10,0,5, drivers,llama32_3b,be_present,1+,0.23640046296296297,0.15827546296296297,0.31452546296296297,-0.007957175925925925,-0.016203703703703703,0.00028935185185185184,0.22844328703703703,15,2,54
long,distractor,-10,0,5, employees,llama32_3b,be_present,1+,0.20558449074074073,0.16861979166666666,0.2417534722222222,0.003978587962962963,-0.004557291666666666,0.011935763888888892,0.20160590277777776,19,4,108
long,distractor,-10,0,5, engineers,llama32_3b,be_present,1+,0.2527970679012346,0.19849537037037038,0.3107638888888889,-0.005401234567901233,-0.02314814814814815,0.004340277777777778,0.24739583333333334,19,3,81
long,distractor,-10,0,5, farmers,llama32_3b,be_present,1+,0.14069733796296297,0.12485532407407408,0.16370081018518517,-0.010850694444444444,-0.021267361111111112,-0.00043402777777777797,0.12984664351851852,6,4,108
long,distractor,-10,0,5, inspectors,llama32_3b,be_present,1+,0.2806712962962963,0.2757523148148148,0.2855902777777778,0.0005787037037037037,-0.01273148148148148,0.013888888888888888,0.28009259259259256,19,2,54
long,distractor,-10,0,5, leaders,llama32_3b,be_present,1+,0.11921296296296297,0.10300925925925926,0.13541666666666666,-0.017216435185185185,-0.018518518518518517,-0.015914351851851853,0.10199652777777778,19,2,54
long,distractor,-10,0,5, managers,llama32_3b,be_present,1+,0.2829861111111111,0.2829861111111111,0.2829861111111111,-0.017939814814814815,-0.017939814814814815,-0.017939814814814815,0.2650462962962963,19,1,27
long,distractor,-10,0,5, members,llama32_3b,be_present,1+,0.13744212962962962,0.09461805555555555,0.18026620370370372,0.013744212962962963,-0.0034722222222222225,0.03096064814814815,0.12369791666666666,19,4,108
long,distractor,-10,0,5, nurses,llama32_3b,be_present,1+,0.23813657407407407,0.23813657407407407,0.23813657407407407,-0.030671296296296297,-0.030671296296296297,-0.030671296296296297,0.20746527777777776,20,1,27
long,distractor,-10,0,5, operators,llama32_3b,be_present,1+,0.19205729166666666,0.18048321759259262,0.20522280092592593,0.0023148148148148147,-0.0026041666666666665,0.009114583333333334,0.18974247685185183,20,4,108
long,distractor,-10,0,5, owners,llama32_3b,be_present,1+,0.26302083333333337,0.2421875,0.2838541666666667,0.009982638888888888,-0.004050925925925926,0.024016203703703703,0.2530381944444445,19,2,54
long,distractor,-10,0,5, pilots,llama32_3b,be_present,1+,0.20464409722222224,0.18026620370370372,0.22497106481481483,0.003327546296296296,-0.005859375,0.010054976851851851,0.20131655092592593,20,4,108
long,distractor,-10,0,5, players,llama32_3b,be_present,1+,0.33796296296296297,0.33796296296296297,0.33796296296296297,0.01273148148148148,0.01273148148148148,0.01273148148148148,0.3252314814814815,19,1,27
long,distractor,-10,0,5, representatives,llama32_3b,be_present,1+,0.16174768518518517,0.12268518518518519,0.2230902777777778,-0.011670524691358026,-0.03356481481481482,0.003761574074074074,0.15007716049382716,19,3,81
long,distractor,-10,0,5, researchers,llama32_3b,be_present,1+,0.2818287037037037,0.167896412037037,0.4099392361111111,-0.010561342592592593,-0.01678240740740741,-0.004774305555555555,0.2712673611111111,19,4,108
long,distractor,-10,0,5, specialists,llama32_3b,be_present,1+,0.1205150462962963,0.09919945987654322,0.14284336419753085,-0.0015432098765432098,-0.0029417438271604934,0.00024112654320987653,0.11897183641975309,19,6,162
long,distractor,-10,0,5, students,llama32_3b,be_present,1+,0.1695601851851852,0.1032986111111111,0.2074652777777778,-0.006751543209876543,-0.017939814814814815,0.0026041666666666665,0.16280864197530867,19,3,81
long,distractor,-10,0,5, supervisors,llama32_3b,be_present,1+,0.24286265432098764,0.22251157407407407,0.2789351851851852,0.004533179012345679,-0.009837962962962963,0.014467592592592593,0.23832947530864196,19,3,81
long,distractor,-10,0,5, teachers,llama32_3b,be_present,1+,0.255979938271605,0.1898148148148148,0.29716435185185186,-0.013213734567901236,-0.017939814814814815,-0.004918981481481482,0.24276620370370375,19,3,81
long,distractor,-10,0,5, technicians,llama32_3b,be_present,1+,0.20442708333333331,0.18373842592592593,0.22511574074074073,-0.003761574074074074,-0.007523148148148148,0.0,0.20066550925925924,19,2,54
long,distractor,-10,0,5, volunteers,llama32_3b,be_present,1+,0.2973090277777778,0.20833333333333334,0.3862847222222222,0.021267361111111112,-0.0014467592592592592,0.04398148148148148,0.2760416666666667,19,2,54
long,distractor,-10,0,5, workers,llama32_3b,be_present,1+,0.2612847222222222,0.1339699074074074,0.38859953703703703,0.0023148148148148147,0.0008680555555555555,0.003761574074074074,0.2589699074074074,15,2,54
long,distractor,-10,0,5, writers,llama32_3b,be_present,1+,0.19994212962962962,0.19994212962962962,0.19994212962962962,-0.005208333333333333,-0.005208333333333333,-0.005208333333333333,0.19473379629629628,19,1,27
long,distractor,-10,0,6,ators,llama32_3b,be_present,1+,0.20688657407407407,0.1976273148148148,0.2164351851851852,-0.019290123456790122,-0.04311342592592592,-0.006655092592592592,0.18759645061728394,19,3,81
long,filler_after_distractor,-9,1,6,",",llama32_3b,be_present,1+,0.7399233963344788,0.6737096249761358,0.8039622559898817,0.0016496038564337535,-0.0002818943298969068,0.003833240860061092,0.738273792478045,10,97,2619
long,filler_after_distractor,-9,1,7,",",llama32_3b,be_present,1+,0.8776041666666666,0.6342592592592593,1.0477430555555556,0.0012538580246913577,-0.011284722222222222,0.015625,0.8763503086419753,15,3,81
long,filler_after_distractor,-8,2,7, quite,llama32_3b,be_present,1+,0.3136096792668957,0.289329479285987,0.336880801952081,0.0019270236731576936,0.0003965910175639557,0.003517265654830087,0.31168265559373803,15,97,2619
long,filler_after_distractor,-8,2,8, quite,llama32_3b,be_present,1+,0.36236496913580246,0.27372685185185186,0.4094328703703704,-0.0010609567901234567,-0.006655092592592592,0.003761574074074074,0.361304012345679,15,3,81
long,filler_after_distractor,-7,3,8, clearly,llama32_3b,be_present,1+,0.4402294530355097,0.41674042155880114,0.46357999832951513,0.002287967735777014,0.0009931927739595264,0.0036156303694158077,0.4379414852997327,15,97,2619
long,filler_after_distractor,-7,3,9, clearly,llama32_3b,be_present,1+,0.4788773148148148,0.41608796296296297,0.5766782407407407,-0.003858024691358025,-0.008969907407407407,0.00028935185185185184,0.4750192901234568,19,3,81
long,filler_after_distractor,-6,4,9,",",llama32_3b,be_present,1+,0.9590552214585721,0.9127106749952272,1.0073944313192058,-0.013408624474990456,-0.015085299136120655,-0.011714275486827031,0.9456465969835817,19,97,2619
long,filler_after_distractor,-6,4,10,",",llama32_3b,be_present,1+,0.8375771604938271,0.7928240740740741,0.8709490740740741,-0.01919367283950617,-0.03009259259259259,-0.008101851851851851,0.818383487654321,19,3,81
long,filler_after_distractor,-5,5,10, rather,llama32_3b,be_present,1+,0.3677542716685758,0.35413556880011454,0.38162131001813676,-0.0023983390607101945,-0.0037347269950362733,-0.0011483092306223753,0.36535593260786564,19,97,2619
long,filler_after_distractor,-5,5,11, rather,llama32_3b,be_present,1+,0.38966049382716045,0.34809027777777785,0.43460648148148145,-0.006076388888888888,-0.013599537037037037,0.0,0.38358410493827155,19,3,81
long,filler_after_distractor,-4,6,11, obviously,llama32_3b,be_present,1+,0.6362459431080566,0.610514434779496,0.6643358181796487,0.0029054505536464303,0.0013840414996181749,0.0044001616790759835,0.6333404925544102,19,97,2619
long,filler_after_distractor,-4,6,12, obviously,llama32_3b,be_present,1+,0.6317515432098765,0.5060763888888888,0.7575231481481483,-0.004822530864197531,-0.01273148148148148,0.0,0.626929012345679,19,3,81
long,filler_after_distractor,-3,7,12,",",llama32_3b,be_present,1+,0.35340898243604424,0.34039985741218026,0.36649395045819017,0.003340969835815196,0.002195345313096602,0.0044834621993127145,0.350068012600229,20,97,2619
long,filler_after_distractor,-3,7,13,",",llama32_3b,be_present,1+,0.345679012345679,0.2711226851851852,0.4351851851851852,-0.001736111111111111,-0.005787037037037038,0.0005787037037037037,0.3439429012345679,19,3,81
long,filler_after_distractor,-2,8,13, as,llama32_3b,be_present,1+,0.08848797250859107,0.08560854870656741,0.09158776608438335,0.00282192630775105,0.0017417042525773195,0.003910873663612065,0.08566604620084002,13,97,2619
long,filler_after_distractor,-2,8,14, as,llama32_3b,be_present,1+,0.08661265432098765,0.0787037037037037,0.09461805555555554,-0.002797067901234568,-0.008391203703703705,0.00028935185185185184,0.08381558641975308,10,3,81
long,filler_after_distractor,-1,9,14, expected,llama32_3b,be_present,1+,0.4054624856815579,0.3868164435376098,0.4241633406118748,0.006323978617793051,0.00482352520045819,0.007843001264795724,0.39913850706376486,19,97,2619
long,filler_after_distractor,-1,9,15, expected,llama32_3b,be_present,1+,0.4028742283950617,0.32320601851851855,0.48148148148148145,-0.0003858024691358022,-0.0078125,0.007233796296296296,0.40248842592592593,19,3,81
long,final,0,10,15,",",llama32_3b,be_present,1+,3.293411726804124,3.193171370871516,3.3899224268566246,0.00804815769377625,0.004536186879534174,0.011395466423253148,3.2853635691103475,27,97,2619
long,final,0,10,16,",",llama32_3b,be_present,1+,3.2630208333333335,2.9346064814814814,3.7413194444444446,-0.0035686728395061726,-0.015046296296296295,0.009548611111111112,3.259452160493827,27,3,81
long,prefix_before_subject,-15,-5,1,The,llama32_3b,be_present,1+,0.1417824074074074,0.11429398148148147,0.1556712962962963,-0.003665123456790123,-0.010416666666666666,0.0011574074074074073,0.1381172839506173,6,3,81
long,prefix_before_subject,-14,-4,1,The,llama32_3b,be_present,1+,0.12168289423444065,0.11504077773004964,0.1286787955803742,0.0011484583810614736,2.0508185376097753e-05,0.0023120555316914855,0.12053443585337917,13,97,2619
long,subject,-14,-4,2, developer,llama32_3b,be_present,1+,2.774884259259259,2.774884259259259,2.774884259259259,0.032407407407407406,0.032407407407407406,0.032407407407407406,2.7424768518518516,1,1,27
long,subject,-14,-4,2, director,llama32_3b,be_present,1+,2.177951388888889,2.177951388888889,2.177951388888889,0.011863425925925927,0.011863425925925927,0.011863425925925927,2.166087962962963,1,1,27
long,subject,-14,-4,2, farmer,llama32_3b,be_present,1+,1.6640625,1.6640625,1.6640625,-0.020543981481481483,-0.020543981481481483,-0.020543981481481483,1.6435185185185186,1,1,27
long,subject,-13,-3,2, administrator,llama32_3b,be_present,1+,2.4800347222222223,2.4800347222222223,2.4800347222222223,0.009837962962962963,0.009837962962962963,0.009837962962962963,2.4701967592592595,1,1,27
long,subject,-13,-3,2, advisor,llama32_3b,be_present,1+,1.6440972222222223,1.6440972222222223,1.6440972222222223,0.008969907407407407,0.008969907407407407,0.008969907407407407,1.6351273148148149,1,1,27
long,subject,-13,-3,2, analyst,llama32_3b,be_present,1+,1.7517361111111112,1.6461226851851851,1.857349537037037,-0.0013020833333333335,-0.006655092592592593,0.004050925925925926,1.750434027777778,1,2,54
long,subject,-13,-3,2, artist,llama32_3b,be_present,1+,1.9743923611111114,1.732349537037037,2.203292582947531,-0.0013985339506172834,-0.00544945987654321,0.002652391975308642,1.972993827160494,1,6,162
long,subject,-13,-3,2, assistant,llama32_3b,be_present,1+,1.8446180555555556,1.7340856481481481,1.955150462962963,0.015335648148148149,0.010127314814814815,0.020543981481481483,1.8292824074074074,1,2,54
long,subject,-13,-3,2, chef,llama32_3b,be_present,1+,2.601200810185185,2.4211516203703702,2.78125,0.023292824074074073,0.016999421296296297,0.032045717592592594,2.577907986111111,1,4,108
long,subject,-13,-3,2, consultant,llama32_3b,be_present,1+,1.9510030864197532,1.8206018518518519,2.1765046296296298,0.01755401234567901,0.010127314814814815,0.024016203703703703,1.9334490740740742,1,3,81
long,subject,-13,-3,2, contractor,llama32_3b,be_present,1+,2.0557484567901234,1.9001736111111114,2.1565393518518516,0.0023148148148148147,0.0014467592592592594,0.003761574074074074,2.0534336419753085,1,3,81
long,subject,-13,-3,2, coordinator,llama32_3b,be_present,1+,2.626570767195767,2.435639880952381,2.820316633597884,0.017981150793650792,0.013721478174603176,0.021784060846560847,2.6085896164021163,1,7,189
long,subject,-13,-3,2, designer,llama32_3b,be_present,1+,1.9888117283950617,1.8949652777777777,2.1281828703703702,0.0080054012345679,-0.0026041666666666665,0.019965277777777776,1.9808063271604939,1,3,81
long,subject,-13,-3,2, developer,llama32_3b,be_present,1+,2.7505787037037037,2.7505787037037037,2.7505787037037037,0.013020833333333334,0.013020833333333334,0.013020833333333334,2.7375578703703702,1,1,27
long,subject,-13,-3,2, director,llama32_3b,be_present,1+,2.337673611111111,2.1247106481481484,2.550636574074074,0.011429398148148149,0.006944444444444444,0.015914351851851853,2.326244212962963,1,2,54
long,subject,-13,-3,2, driver,llama32_3b,be_present,1+,2.2528935185185186,1.5234375,3.044560185185185,0.010320216049382715,0.001736111111111111,0.022569444444444444,2.2425733024691357,1,3,81
long,subject,-13,-3,2, employee,llama32_3b,be_present,1+,1.3162615740740742,1.100606433256173,1.5079607928240741,-0.0017843364197530863,-0.005256558641975309,0.0012056327160493826,1.314477237654321,1,6,162
long,subject,-13,-3,2, engineer,llama32_3b,be_present,1+,2.1979166666666665,2.0946180555555554,2.3012152777777777,-0.002170138888888889,-0.005208333333333333,0.0008680555555555555,2.1957465277777777,2,2,54
long,subject,-13,-3,2, inspector,llama32_3b,be_present,1+,2.179759837962963,1.9870515046296295,2.3175636574074074,0.0010127314814814812,-0.0013744212962962963,0.003038194444444444,2.1787471064814814,1,4,108
long,subject,-13,-3,2, lawyer,llama32_3b,be_present,1+,1.9873167438271604,1.7925829475308646,2.176590229552469,0.0234375,0.019624083719135803,0.02797067901234568,1.9638792438271604,1,6,162
long,subject,-13,-3,2, leader,llama32_3b,be_present,1+,1.9797453703703705,1.9797453703703705,1.9797453703703705,0.0026041666666666665,0.0026041666666666665,0.0026041666666666665,1.9771412037037037,2,1,27
long,subject,-13,-3,2, manager,llama32_3b,be_present,1+,2.213252314814815,2.213252314814815,2.213252314814815,-0.0023148148148148147,-0.0023148148148148147,-0.0023148148148148147,2.2109375,2,1,27
long,subject,-13,-3,2, member,llama32_3b,be_present,1+,1.7085262345679013,1.5804398148148149,1.8350694444444444,0.009741512345679012,0.00028935185185185184,0.015335648148148149,1.6987847222222223,1,3,81
long,subject,-13,-3,2, nurse,llama32_3b,be_present,1+,2.203269675925926,2.150173611111111,2.256365740740741,-0.007667824074074073,-0.01273148148148148,-0.0026041666666666665,2.195601851851852,2,2,54
long,subject,-13,-3,2, officer,llama32_3b,be_present,1+,2.312355324074074,2.1359953703703702,2.4887152777777777,0.013599537037037037,0.0078125,0.019386574074074073,2.2987557870370368,1,2,54
long,subject,-13,-3,2, operator,llama32_3b,be_present,1+,1.8896604938271606,1.388599537037037,2.3874421296296298,0.009934413580246914,0.004050925925925926,0.013020833333333334,1.8797260802469138,1,3,81
long,subject,-13,-3,2, owner,llama32_3b,be_present,1+,2.544704861111111,2.544560185185185,2.544849537037037,0.00882523148148148,0.006076388888888889,0.011574074074074073,2.5358796296296298,1,2,54
long,subject,-13,-3,2, pilot,llama32_3b,be_present,1+,2.0340470679012346,1.8287037037037035,2.2884837962962963,0.01736111111111111,0.012152777777777778,0.027777777777777776,2.0166859567901234,2,3,81
long,subject,-13,-3,2, player,llama32_3b,be_present,1+,1.7013888888888888,1.6822916666666667,1.7204861111111112,0.010127314814814815,0.006655092592592593,0.013599537037037037,1.691261574074074,1,2,54
long,subject,-13,-3,2, representative,llama32_3b,be_present,1+,2.292679398148148,2.261863425925926,2.3234953703703702,0.00390625,0.0011574074074074073,0.006655092592592593,2.288773148148148,1,2,54
long,subject,-13,-3,2, researcher,llama32_3b,be_present,1+,1.9249614197530864,1.7803819444444444,2.131076388888889,0.015335648148148149,0.01099537037037037,0.02314814814814815,1.9096257716049383,1,3,81
long,subject,-13,-3,2, specialist,llama32_3b,be_present,1+,1.5052083333333333,1.5052083333333333,1.5052083333333333,-0.0008680555555555555,-0.0008680555555555555,-0.0008680555555555555,1.5043402777777777,1,1,27
long,subject,-13,-3,2, student,llama32_3b,be_present,1+,1.8940972222222223,1.8382523148148149,1.9499421296296295,0.010706018518518517,0.008969907407407407,0.01244212962962963,1.8833912037037037,1,2,54
long,subject,-13,-3,2, supervisor,llama32_3b,be_present,1+,2.2139756944444446,2.1909722222222223,2.2369791666666665,0.007089120370370371,-0.004050925925925926,0.018229166666666668,2.2068865740740744,1,2,54
long,subject,-13,-3,2, teacher,llama32_3b,be_present,1+,1.8724440586419753,1.5932195216049383,2.128648244598766,0.003616898148148148,0.0020736882716049384,0.005256558641975309,1.8688271604938271,1,6,162
long,subject,-13,-3,2, technician,llama32_3b,be_present,1+,2.338252314814815,2.338252314814815,2.338252314814815,0.01244212962962963,0.01244212962962963,0.01244212962962963,2.325810185185185,1,1,27
long,subject,-13,-3,2, visitor,llama32_3b,be_present,1+,1.6410590277777777,1.5341435185185186,1.747974537037037,0.005787037037037037,0.0028935185185185184,0.008680555555555556,1.6352719907407407,1,2,54
long,subject,-13,-3,2, worker,llama32_3b,be_present,1+,1.6814236111111112,1.6814236111111112,1.6814236111111112,0.015046296296296295,0.015046296296296295,0.015046296296296295,1.6663773148148149,1,1,27
long,subject,-13,-3,2, writer,llama32_3b,be_present,1+,1.6588541666666665,1.5784143518518519,1.7392939814814814,0.013599537037037037,0.012152777777777778,0.015046296296296295,1.6452546296296295,1,2,54
medium,between_subject_distractor,-7,-3,3, of,llama32_3b,be_present,1+,1.0653935185185186,0.8232060185185185,1.3075810185185186,0.01244212962962963,0.0011574074074074073,0.023726851851851853,1.052951388888889,1,2,54
medium,between_subject_distractor,-6,-2,3, of,llama32_3b,be_present,1+,1.218566940665155,1.1315163956207483,1.3024264219576718,0.00818452380952381,0.004826861300075585,0.011208029218631895,1.2103824168556312,1,98,2646
medium,between_subject_distractor,-6,-2,4, the,llama32_3b,be_present,1+,0.11863425925925926,0.08998842592592593,0.1472800925925926,0.004484953703703704,-0.0008680555555555555,0.009837962962962963,0.11414930555555555,4,2,54
medium,between_subject_distractor,-5,-1,4, the,llama32_3b,be_present,1+,0.17466222600151168,0.1576033842356387,0.19195874964569154,0.0009713955026455026,-0.0006766552106953892,0.0026490457294028723,0.1736908304988662,4,98,2646
medium,between_subject_distractor,-5,-1,5, coordin,llama32_3b,be_present,1+,0.13151041666666669,0.12905092592592593,0.1339699074074074,0.003616898148148148,0.0,0.007233796296296296,0.12789351851851855,6,2,54
medium,distractor,-4,0,5, actors,llama32_3b,be_present,1+,0.31886574074074076,0.31886574074074076,0.31886574074074076,-0.01707175925925926,-0.01707175925925926,-0.01707175925925926,0.3017939814814815,20,1,27
medium,distractor,-4,0,5, administrators,llama32_3b,be_present,1+,0.2535686728395062,0.2025462962962963,0.2835648148148148,-0.0021219135802469113,-0.03530092592592592,0.015914351851851853,0.25144675925925924,19,3,81
medium,distractor,-4,0,5, advisors,llama32_3b,be_present,1+,0.2918595679012345,0.22660831404320983,0.36082537615740734,-0.010802469135802469,-0.019338348765432094,-0.0013985339506172839,0.28105709876543206,20,6,162
medium,distractor,-4,0,5, analysts,llama32_3b,be_present,1+,0.27705439814814814,0.16782407407407407,0.3862847222222222,-0.03790509259259259,-0.06018518518518518,-0.015625,0.23914930555555555,20,2,54
medium,distractor,-4,0,5, artists,llama32_3b,be_present,1+,0.2789351851851852,0.2789351851851852,0.2789351851851852,-0.015335648148148149,-0.015335648148148149,-0.015335648148148149,0.26359953703703703,20,1,27
medium,distractor,-4,0,5, assistants,llama32_3b,be_present,1+,0.28096064814814814,0.2569444444444444,0.30497685185185186,0.014467592592592593,0.005208333333333333,0.023726851851851853,0.2664930555555555,19,2,54
medium,distractor,-4,0,5, chefs,llama32_3b,be_present,1+,0.45177469135802467,0.4435763888888889,0.46064814814814814,-0.03472222222222222,-0.053530092592592594,-0.025173611111111115,0.41705246913580246,20,3,81
medium,distractor,-4,0,5, consultants,llama32_3b,be_present,1+,0.3395061728395062,0.2916666666666667,0.38078703703703703,-0.004918981481481482,-0.01244212962962963,0.002893518518518519,0.3345871913580247,20,3,81
medium,distractor,-4,0,5, contractors,llama32_3b,be_present,1+,0.36689814814814814,0.22008101851851852,0.5164930555555556,-0.02378472222222222,-0.03385561342592593,-0.009780092592592594,0.3431134259259259,19,5,135
medium,distractor,-4,0,5, customers,llama32_3b,be_present,1+,0.4027777777777778,0.27835648148148145,0.5271990740740741,0.023726851851851853,-0.0014467592592592592,0.048900462962962965,0.37905092592592593,19,2,54
medium,distractor,-4,0,5, designers,llama32_3b,be_present,1+,0.18692129629629628,0.14699074074074073,0.22685185185185186,-0.02199074074074074,-0.025173611111111112,-0.01880787037037037,0.16493055555555552,20,2,54
medium,distractor,-4,0,5, developers,llama32_3b,be_present,1+,0.1657986111111111,0.1657986111111111,0.1657986111111111,-0.0011574074074074073,-0.0011574074074074073,-0.0011574074074074073,0.1646412037037037,20,1,27
medium,distractor,-4,0,5, directors,llama32_3b,be_present,1+,0.30063657407407407,0.25506365740740744,0.3462094907407408,-0.015407986111111112,-0.03551793981481481,0.0018807870370370371,0.28522858796296297,19,4,108
medium,distractor,-4,0,5, doctors,llama32_3b,be_present,1+,0.10204475308641975,0.09172453703703703,0.11255787037037036,-0.013503086419753086,-0.021122685185185185,-0.0026041666666666665,0.08854166666666666,19,3,81
medium,distractor,-4,0,5, drivers,llama32_3b,be_present,1+,0.26533564814814814,0.13078703703703703,0.46064814814814814,-0.004436728395061728,-0.009837962962962963,0.00318287037037037,0.26089891975308643,19,3,81
medium,distractor,-4,0,5, employees,llama32_3b,be_present,1+,0.22395833333333334,0.22193287037037038,0.2259837962962963,0.001302083333333334,-0.006944444444444444,0.009548611111111112,0.22265625,19,2,54
medium,distractor,-4,0,5, engineers,llama32_3b,be_present,1+,0.16984953703703703,0.1150462962962963,0.21753472222222223,-0.008159722222222223,-0.024884259259259262,0.0063657407407407395,0.16168981481481481,20,5,135
medium,distractor,-4,0,5, farmers,llama32_3b,be_present,1+,0.15991512345679013,0.10908564814814815,0.22974537037037038,-0.014467592592592593,-0.02314814814814815,-0.004918981481481482,0.14544753086419754,19,3,81
medium,distractor,-4,0,5, inspectors,llama32_3b,be_present,1+,0.3605324074074074,0.22974537037037038,0.5454282407407407,0.013695987654320986,-0.006076388888888889,0.041666666666666664,0.3468364197530864,19,3,81
medium,distractor,-4,0,5, lawyers,llama32_3b,be_present,1+,0.24807098765432098,0.033854166666666664,0.53125,0.001736111111111111,-0.008101851851851851,0.018518518518518517,0.24633487654320987,20,3,81
medium,distractor,-4,0,5, leaders,llama32_3b,be_present,1+,0.3376736111111111,0.3376736111111111,0.3376736111111111,-0.014756944444444444,-0.014756944444444444,-0.014756944444444444,0.3229166666666667,20,1,27
medium,distractor,-4,0,5, managers,llama32_3b,be_present,1+,0.22665895061728394,0.11429398148148147,0.2873263888888889,-0.017361111111111112,-0.02488425925925926,-0.006655092592592592,0.20929783950617284,20,3,81
medium,distractor,-4,0,5, members,llama32_3b,be_present,1+,0.07282021604938271,0.03153935185185185,0.125,0.005015432098765433,-0.01273148148148148,0.019675925925925927,0.06780478395061729,19,3,81
medium,distractor,-4,0,5, nurses,llama32_3b,be_present,1+,0.11168981481481481,0.11168981481481481,0.11168981481481481,0.001736111111111111,0.001736111111111111,0.001736111111111111,0.1099537037037037,20,1,27
medium,distractor,-4,0,5, operators,llama32_3b,be_present,1+,0.25752314814814814,0.25752314814814814,0.25752314814814814,0.03819444444444445,0.03819444444444445,0.03819444444444445,0.2193287037037037,20,1,27
medium,distractor,-4,0,5, owners,llama32_3b,be_present,1+,0.16478587962962962,0.09606481481481481,0.23350694444444445,-0.010271990740740741,-0.024305555555555556,0.003761574074074074,0.1545138888888889,20,2,54
medium,distractor,-4,0,5, pilots,llama32_3b,be_present,1+,0.22952835648148148,0.13194444444444445,0.34816261574074076,-0.0005787037037037037,-0.009403935185185185,0.008246527777777778,0.2289496527777778,20,4,108
medium,distractor,-4,0,5, players,llama32_3b,be_present,1+,0.38541666666666663,0.3275462962962963,0.44328703703703703,-0.005931712962962963,-0.009837962962962963,-0.002025462962962963,0.37948495370370366,20,2,54
medium,distractor,-4,0,5, representatives,llama32_3b,be_present,1+,0.16268807870370372,0.09259259259259259,0.24660011574074076,-0.013382523148148147,-0.021629050925925927,-0.006221064814814815,0.14930555555555558,19,4,108
medium,distractor,-4,0,5, researchers,llama32_3b,be_present,1+,0.23032407407407407,0.09606481481481481,0.3645833333333333,-0.025318287037037035,-0.027777777777777776,-0.022858796296296297,0.20500578703703703,20,2,54
medium,distractor,-4,0,5, specialists,llama32_3b,be_present,1+,0.08304398148148148,0.07609953703703703,0.08998842592592593,0.004050925925925927,-0.004050925925925926,0.012152777777777778,0.07899305555555555,20,2,54
medium,distractor,-4,0,5, students,llama32_3b,be_present,1+,0.27748842592592593,0.27748842592592593,0.27748842592592593,-0.014756944444444444,-0.014756944444444444,-0.014756944444444444,0.2627314814814815,2,1,27
medium,distractor,-4,0,5, supervisors,llama32_3b,be_present,1+,0.4210069444444444,0.36429398148148145,0.4777199074074074,0.00043402777777777797,-0.029513888888888888,0.030381944444444444,0.42057291666666663,20,2,54
medium,distractor,-4,0,5, teachers,llama32_3b,be_present,1+,0.32016782407407407,0.2942708333333333,0.3460648148148148,-0.027054398148148147,-0.029513888888888888,-0.02459490740740741,0.29311342592592593,20,2,54
medium,distractor,-4,0,5, technicians,llama32_3b,be_present,1+,0.27391975308641975,0.23032407407407407,0.3498263888888889,0.0030864197530864196,-0.0008680555555555555,0.009259259259259259,0.2708333333333333,20,3,81
medium,distractor,-4,0,5, visitors,llama32_3b,be_present,1+,0.34346064814814814,0.34346064814814814,0.34346064814814814,0.014756944444444444,0.014756944444444444,0.014756944444444444,0.3287037037037037,20,1,27
medium,distractor,-4,0,5, workers,llama32_3b,be_present,1+,0.19451678240740738,0.09852430555555555,0.29050925925925924,-0.011140046296296297,-0.016493055555555556,-0.005787037037037037,0.18337673611111108,19,4,108
medium,distractor,-4,0,5, writers,llama32_3b,be_present,1+,0.19974922839506173,0.109375,0.26244212962962965,-0.01591435185185185,-0.033854166666666664,-0.0014467592592592594,0.18383487654320987,19,3,81
medium,distractor,-4,0,6,ators,llama32_3b,be_present,1+,0.3247974537037037,0.23900462962962962,0.4105902777777778,-0.00043402777777777797,-0.015625,0.014756944444444444,0.32436342592592593,20,2,54
medium,filler_after_distractor,-3,1,6,",",llama32_3b,be_present,1+,0.8137696050642479,0.7225068499622073,0.9019548965419502,0.005134519085411942,0.003064546130952381,0.007414419760959938,0.8086350859788359,15,98,2646
medium,filler_after_distractor,-3,1,7,",",llama32_3b,be_present,1+,0.7961516203703703,0.6215277777777778,0.9707754629629629,0.004340277777777778,0.0028935185185185184,0.005787037037037037,0.7918113425925926,13,2,54
medium,filler_after_distractor,-2,2,7, quite,llama32_3b,be_present,1+,0.31186519746787605,0.2866303205309902,0.33927641369047623,0.0019103127362055932,0.0002980619331065758,0.003446018164210128,0.3099548847316705,13,98,2646
medium,filler_after_distractor,-2,2,8, quite,llama32_3b,be_present,1+,0.37615740740740744,0.25376157407407407,0.49855324074074076,0.008246527777777778,-0.001736111111111111,0.018229166666666668,0.36791087962962965,13,2,54
medium,filler_after_distractor,-1,3,8, clearly,llama32_3b,be_present,1+,0.506708238851096,0.4650888133030991,0.548667652825019,0.007995559334845049,0.00578984197845805,0.01018813775510204,0.4987126795162509,20,98,2646
medium,filler_after_distractor,-1,3,9, clearly,llama32_3b,be_present,1+,0.6603009259259259,0.4348958333333333,0.8857060185185185,0.009403935185185185,-0.0008680555555555555,0.019675925925925927,0.6508969907407407,19,2,54
medium,final,0,4,9,",",llama32_3b,be_present,1+,3.1795310137944064,3.059855530753968,3.295486775439343,-0.02807893990929706,-0.03245243409863945,-0.023746929327286472,3.1514520738851095,27,98,2646
medium,final,0,4,10,",",llama32_3b,be_present,1+,3.2531828703703702,2.8350694444444446,3.6712962962962963,-0.03515625,-0.06163194444444445,-0.008680555555555556,3.2180266203703702,27,2,54
medium,prefix_before_subject,-9,-5,1,The,llama32_3b,be_present,1+,0.14771412037037035,0.10734953703703703,0.1880787037037037,0.0011574074074074076,-0.002025462962962963,0.004340277777777778,0.14655671296296294,13,2,54
medium,prefix_before_subject,-8,-4,1,The,llama32_3b,be_present,1+,0.13672465513983367,0.12679700786564627,0.14659332482993198,-6.79091080876795e-05,-0.0012490847033257747,0.001072004322562358,0.136656746031746,13,98,2646
medium,subject,-8,-4,2, developer,llama32_3b,be_present,1+,2.4759837962962963,2.4759837962962963,2.4759837962962963,0.03269675925925926,0.03269675925925926,0.03269675925925926,2.443287037037037,1,1,27
medium,subject,-8,-4,2, leader,llama32_3b,be_present,1+,2.725115740740741,2.725115740740741,2.725115740740741,0.02806712962962963,0.02806712962962963,0.02806712962962963,2.697048611111111,2,1,27
medium,subject,-7,-3,2, actor,llama32_3b,be_present,1+,1.8358217592592596,1.532349537037037,2.1885995370370375,0.00011574074074074091,-0.011689814814814814,0.010127314814814815,1.8357060185185188,1,5,135
medium,subject,-7,-3,2, administrator,llama32_3b,be_present,1+,2.04296875,1.689525462962963,2.396412037037037,0.01244212962962963,0.010127314814814815,0.014756944444444444,2.0305266203703702,1,2,54
medium,subject,-7,-3,2, advisor,llama32_3b,be_present,1+,1.908179012345679,1.875,1.9620949074074074,0.0047260802469135796,0.0011574074074074073,0.011574074074074075,1.9034529320987654,2,3,81
medium,subject,-7,-3,2, analyst,llama32_3b,be_present,1+,1.4308449074074072,1.2049189814814816,1.6650462962962962,-0.000173611111111111,-0.0038237847222222215,0.003356481481481482,1.4306712962962962,1,5,135
medium,subject,-7,-3,2, artist,llama32_3b,be_present,1+,1.4231770833333335,1.0005787037037037,1.845775462962963,-0.0018807870370370371,-0.006076388888888889,0.0023148148148148147,1.4212962962962965,1,2,54
medium,subject,-7,-3,2, assistant,llama32_3b,be_present,1+,1.8747106481481481,1.8747106481481481,1.8747106481481481,0.015914351851851853,0.015914351851851853,0.015914351851851853,1.8587962962962963,1,1,27
medium,subject,-7,-3,2, chef,llama32_3b,be_present,1+,2.070167824074074,1.8872974537037037,2.257740162037037,0.009259259259259259,0.0011574074074074073,0.017361111111111112,2.060908564814815,1,4,108
medium,subject,-7,-3,2, consultant,llama32_3b,be_present,1+,2.4427083333333335,2.4427083333333335,2.4427083333333335,0.011574074074074073,0.011574074074074073,0.011574074074074073,2.4311342592592595,2,1,27
medium,subject,-7,-3,2, contractor,llama32_3b,be_present,1+,2.0677083333333335,1.8602430555555556,2.275173611111111,0.007378472222222222,0.005787037037037037,0.008969907407407407,2.060329861111111,1,2,54
medium,subject,-7,-3,2, coordinator,llama32_3b,be_present,1+,2.8995949074074074,2.353587962962963,3.4456018518518516,0.021701388888888888,0.011284722222222222,0.03211805555555555,2.8778935185185186,1,2,54
medium,subject,-7,-3,2, customer,llama32_3b,be_present,1+,1.6585648148148149,1.4913194444444444,1.8258101851851851,0.002025462962962963,-0.0023148148148148147,0.00636574074074074,1.6565393518518519,1,2,54
medium,subject,-7,-3,2, designer,llama32_3b,be_present,1+,1.5718557098765433,1.0500578703703705,2.0549768518518516,0.01678240740740741,0.015625,0.017939814814814815,1.5550733024691359,1,3,81
medium,subject,-7,-3,2, developer,llama32_3b,be_present,1+,2.296122685185185,1.7197916666666664,2.8984374999999996,0.02986111111111111,0.024768518518518516,0.034963831018518514,2.266261574074074,1,5,135
medium,subject,-7,-3,2, director,llama32_3b,be_present,1+,1.6427951388888888,1.2627314814814814,2.0228587962962963,0.013454861111111112,0.013020833333333334,0.013888888888888888,1.6293402777777777,1,2,54
medium,subject,-7,-3,2, doctor,llama32_3b,be_present,1+,1.0112847222222223,1.0112847222222223,1.0112847222222223,0.014756944444444444,0.014756944444444444,0.014756944444444444,0.9965277777777779,1,1,27
medium,subject,-7,-3,2, driver,llama32_3b,be_present,1+,2.682002314814815,1.9375,3.4265046296296298,0.020833333333333332,0.006076388888888889,0.035590277777777776,2.6611689814814814,1,2,54
medium,subject,-7,-3,2, employee,llama32_3b,be_present,1+,1.1647135416666665,0.8228443287037037,1.447410300925926,-0.0012297453703703704,-0.00390625,0.0014467592592592592,1.163483796296296,1,4,108
medium,subject,-7,-3,2, engineer,llama32_3b,be_present,1+,1.7162905092592593,1.5474537037037037,1.8851273148148149,0.006076388888888888,0.001880787037037037,0.012297453703703705,1.7102141203703705,2,4,108
medium,subject,-7,-3,2, farmer,llama32_3b,be_present,1+,1.7458043981481481,1.6157407407407407,1.8758680555555556,0.004195601851851851,0.0014467592592592592,0.006944444444444444,1.7416087962962963,1,2,54
medium,subject,-7,-3,2, inspector,llama32_3b,be_present,1+,2.2103587962962963,2.013310185185185,2.4074074074074074,-0.008101851851851853,-0.009548611111111112,-0.006655092592592593,2.2022569444444446,1,2,54
medium,subject,-7,-3,2, lawyer,llama32_3b,be_present,1+,2.158661265432099,1.982349537037037,2.3628472222222223,0.0234375,0.015914351851851853,0.027488425925925927,2.135223765432099,1,3,81
medium,subject,-7,-3,2, leader,llama32_3b,be_present,1+,2.0338541666666665,2.0338541666666665,2.0338541666666665,0.0028935185185185184,0.0028935185185185184,0.0028935185185185184,2.030960648148148,2,1,27
medium,subject,-7,-3,2, manager,llama32_3b,be_present,1+,2.9059606481481484,2.9059606481481484,2.9059606481481484,0.028935185185185185,0.028935185185185185,0.028935185185185185,2.8770254629629632,2,1,27
medium,subject,-7,-3,2, member,llama32_3b,be_present,1+,1.3914207175925926,1.2790075231481481,1.4832175925925926,0.004918981481481482,-0.0018807870370370371,0.01171875,1.3865017361111112,1,4,108
medium,subject,-7,-3,2, nurse,llama32_3b,be_present,1+,1.9810956790123457,1.4872685185185184,2.300636574074074,-0.02170138888888889,-0.04513888888888889,0.005208333333333333,1.959394290123457,2,3,81
medium,subject,-7,-3,2, officer,llama32_3b,be_present,1+,1.9756944444444446,1.8700810185185186,2.096643518518518,0.018880208333333332,0.01345486111111111,0.025028935185185185,1.9568142361111114,1,4,108
medium,subject,-7,-3,2, operator,llama32_3b,be_present,1+,1.6514756944444444,1.3877314814814814,1.9152199074074074,0.012586805555555556,0.007233796296296296,0.017939814814814815,1.6388888888888888,1,2,54
medium,subject,-7,-3,2, owner,llama32_3b,be_present,1+,2.394579475308642,2.029224537037037,3.0439814814814814,-0.0013503086419753084,-0.005787037037037038,0.0008680555555555555,2.3932291666666665,1,3,81
medium,subject,-7,-3,2, pilot,llama32_3b,be_present,1+,1.7647569444444444,1.7647569444444444,1.7647569444444444,0.004629629629629629,0.004629629629629629,0.004629629629629629,1.7601273148148149,1,1,27
medium,subject,-7,-3,2, player,llama32_3b,be_present,1+,1.1860532407407407,1.1860532407407407,1.1860532407407407,0.006076388888888889,0.006076388888888889,0.006076388888888889,1.1799768518518519,1,1,27
medium,subject,-7,-3,2, representative,llama32_3b,be_present,1+,2.3394097222222223,2.0859375,2.5928819444444446,0.012876157407407407,0.007233796296296296,0.018518518518518517,2.326533564814815,1,2,54
medium,subject,-7,-3,2, researcher,llama32_3b,be_present,1+,1.2737268518518519,1.2737268518518519,1.2737268518518519,0.01099537037037037,0.01099537037037037,0.01099537037037037,1.2627314814814814,1,1,27
medium,subject,-7,-3,2, specialist,llama32_3b,be_present,1+,1.2037037037037037,1.2037037037037037,1.2037037037037037,0.008680555555555556,0.008680555555555556,0.008680555555555556,1.1950231481481481,1,1,27
medium,subject,-7,-3,2, student,llama32_3b,be_present,1+,1.730150462962963,1.2780888310185183,2.270891203703704,0.01556712962962963,0.008043981481481482,0.023668981481481482,1.7145833333333333,1,5,135
medium,subject,-7,-3,2, supervisor,llama32_3b,be_present,1+,2.462962962962963,2.462962962962963,2.462962962962963,0.010127314814814815,0.010127314814814815,0.010127314814814815,2.452835648148148,1,1,27
medium,subject,-7,-3,2, teacher,llama32_3b,be_present,1+,2.06346450617284,1.9230324074074074,2.158275462962963,0.006655092592592592,-0.001736111111111111,0.01099537037037037,2.0568094135802473,1,3,81
medium,subject,-7,-3,2, technician,llama32_3b,be_present,1+,2.0924479166666665,1.9730902777777777,2.2118055555555554,0.01171875,0.006076388888888889,0.017361111111111112,2.0807291666666665,2,2,54
medium,subject,-7,-3,2, worker,llama32_3b,be_present,1+,1.6785300925925926,1.6785300925925926,1.6785300925925926,0.020543981481481483,0.020543981481481483,0.020543981481481483,1.6579861111111112,1,1,27
medium,subject,-7,-3,2, writer,llama32_3b,be_present,1+,1.5137152777777778,1.4041087962962961,1.6233217592592593,0.010185185185185184,0.006423611111111111,0.013310185185185184,1.5035300925925927,1,5,135
